/*
 Navicat Premium Data Transfer

 Source Server         : 本地mysql5.8.0.19
 Source Server Type    : MySQL
 Source Server Version : 80019
 Source Host           : localhost:3306
 Source Schema         : cup

 Target Server Type    : MySQL
 Target Server Version : 80019
 File Encoding         : 65001

 Date: 01/08/2021 22:44:19
*/

SET NAMES utf8mb4;
SET FOREIGN_KEY_CHECKS = 0;

-- ----------------------------
-- Table structure for act_evt_log
-- ----------------------------
DROP TABLE IF EXISTS `act_evt_log`;
CREATE TABLE `act_evt_log`  (
  `LOG_NR_` bigint NOT NULL AUTO_INCREMENT,
  `TYPE_` varchar(64) CHARACTER SET utf8 COLLATE utf8_bin NULL DEFAULT NULL,
  `PROC_DEF_ID_` varchar(64) CHARACTER SET utf8 COLLATE utf8_bin NULL DEFAULT NULL,
  `PROC_INST_ID_` varchar(64) CHARACTER SET utf8 COLLATE utf8_bin NULL DEFAULT NULL,
  `EXECUTION_ID_` varchar(64) CHARACTER SET utf8 COLLATE utf8_bin NULL DEFAULT NULL,
  `TASK_ID_` varchar(64) CHARACTER SET utf8 COLLATE utf8_bin NULL DEFAULT NULL,
  `TIME_STAMP_` timestamp(3) NOT NULL,
  `USER_ID_` varchar(255) CHARACTER SET utf8 COLLATE utf8_bin NULL DEFAULT NULL,
  `DATA_` longblob NULL,
  `LOCK_OWNER_` varchar(255) CHARACTER SET utf8 COLLATE utf8_bin NULL DEFAULT NULL,
  `LOCK_TIME_` timestamp(3) NULL DEFAULT NULL,
  `IS_PROCESSED_` tinyint NULL DEFAULT 0,
  PRIMARY KEY (`LOG_NR_`) USING BTREE
) ENGINE = InnoDB CHARACTER SET = utf8 COLLATE = utf8_bin ROW_FORMAT = Dynamic;

-- ----------------------------
-- Records of act_evt_log
-- ----------------------------

-- ----------------------------
-- Table structure for act_ge_bytearray
-- ----------------------------
DROP TABLE IF EXISTS `act_ge_bytearray`;
CREATE TABLE `act_ge_bytearray`  (
  `ID_` varchar(64) CHARACTER SET utf8 COLLATE utf8_bin NOT NULL,
  `REV_` int NULL DEFAULT NULL,
  `NAME_` varchar(255) CHARACTER SET utf8 COLLATE utf8_bin NULL DEFAULT NULL,
  `DEPLOYMENT_ID_` varchar(64) CHARACTER SET utf8 COLLATE utf8_bin NULL DEFAULT NULL,
  `BYTES_` longblob NULL,
  `GENERATED_` tinyint NULL DEFAULT NULL,
  PRIMARY KEY (`ID_`) USING BTREE,
  INDEX `ACT_FK_BYTEARR_DEPL`(`DEPLOYMENT_ID_`) USING BTREE,
  CONSTRAINT `ACT_FK_BYTEARR_DEPL` FOREIGN KEY (`DEPLOYMENT_ID_`) REFERENCES `act_re_deployment` (`ID_`) ON DELETE RESTRICT ON UPDATE RESTRICT
) ENGINE = InnoDB CHARACTER SET = utf8 COLLATE = utf8_bin ROW_FORMAT = Dynamic;

-- ----------------------------
-- Records of act_ge_bytearray
-- ----------------------------
INSERT INTO `act_ge_bytearray` VALUES ('c0dda784-f296-11eb-983d-00ff65f53676', 1, 'processes/leave.png', 'c0dda783-f296-11eb-983d-00ff65f53676', 0x89504E470D0A1A0A0000000D49484452000000B20000014A0802000000365E92FF0000123E4944415478DAEDDDCB73E3C4DAC771FE9F044220DCC4C90C39CC0D0E3302070D100A02E6622EF1E2BC51252CB47479F996DEB371BD5A7A3399D4A9E3ACCC54661DFEAEF36BB5ADB475B115CFE4EAEF53A9942C2BB2D2FDD1D34FB753CE2B4B0451885768020216042C085810B0206041C0828005010B0216042C085810B020604110B0206041C0828005010B021613F1C78D0858BC7C167FBBE6010B58C00216B080052C60010B58C002167387E70561DC6936BCC2CE24B71316D78C857AB1D96ACFFAEA74FB27BDA8ED7B3901EDEE7010E658343ABDE1A0DB0A607143B285E9D17E27EB7B73DFF74FBA2DAFE6F1A39DADE4206E33882C2E0B3F1AF4A2203F82F4F3F9031697C6C2FFE383DBF72F884536EEE8D95E9C8E32F1A0976608738671AAD076B730EEC0E242597CF17F1B8FFF77E3A39F6FADDFBEA06C913E9B34D383B3B4211F6EAA3003CAF818585C0E0BFBF57977E3EEE35BE7C1C26F04EEADEF1EDC8CCD61298EB6396CFC656BD562A9018B8B6661BF6A8E29F9694894F4FA49589880D8A79EFEF9973AF8144D2BB11922AB2784E360A8D1243D43CA629C30F265292C2E87C57C63CA9906916CBC289D8F50725E5116738C29B93B7B0A0BB362313E329B91DA85AC309F7E3AD416D79F8553074C63E1CC386C61513A3BAD4A24B0B84E8348D6C17506115FB545DF5412BDE168AE018B1B527216C68589C9E4CCE52C5B611C8C97BA61710327A89A5EE604CC5EFCB6921AEDEE5013960016376D39CBCC360BAB0B3596B39CC948DCB67BBA51BEE484C5B55CFCF65A9D6E1454747CD54C24686AD2517C4B9D6C71A558CC1D7ED4A97A67ABEA2F278C89A853B57F722554392360DDE2FAB1E0AFB360010B58C00216B080052C60010B58C00216F3B3E0830C607109B1BBBB4B23C0221FCF9F3FA71160010B58C00216B080052C60010B58C00216B080052C60010B58C00216B080052C60010B5810B080052C60010B58C00216B080052C60010B58C00216B080052C60010B58C00216B080052C0858C00216B080052C60010B58C00216B080052C60010B58C00216B080052C60010B58C002160B1961186E6C6C145968A79E82C582C6F6F6F6B367CFF6F6F65657572D0B6DE8A176EA29582C68ACACAC1C1D1D49C3E1E1E1D6D696DDD077EDD453B058DCD8DFDF7F5E08EDA4B658E8585F5F3F3E3E764DE8A176C262D1238E6397851ED226B058DADCDC7459E8216D028BA5E5E5E5274F9E5813DAD043DA0416267676762C0B6DD01AB018C5DADADA300D6DD01AB0388D4E1AB4032C26E2411AB4C3A5B1F883B8F2FF26F37258FC8DB8DAFF541716B080052C60010B58C00216B080459DF0BC7618777CCF3BF30FB6925EDC2EFEA0DF6AD7399BD7E874E37A47B63ADDA83DC715C2E20558B49283FE8885E705619C84AD7633FB8A925E3F69967589FB83EECEA77FFED58BDA755EBA199FF4A2E06C57D8EA84ADE014F4542EB0983F9AF1A0DBF2C60D1D84FD41D8F026BA246ECFECAD2C01F48627DD56794FFBD124B896B2D44069A0995758422DBB8649C4EDEE70E26A61F19252853A326DF1F150323F0BAFD1EEF62B3BA908AE828EA004335864DB864579265B6816B7FF3598F935AB1B12DB55A6B94D13CFC9C2F0D25853DDEB4AFEC5349026AAC031AA84E1B992C62964A017D2C1E6E56071DE2C4CD1970EED7E431A94FC3D7B4F4F247675C92C16EAAA9AC56371FC9A993F6A660B952907856B80C53C2C4C530E530451321E4ACE9C2D9AAD4E5592F00BFB9B93E5458EA0C6A0D2BAA4585B3435093255C588855C2A15152F0316730E22A37BCE9D894C65719AD847B93D5F453AE5A431974B06A674708609375B4C293EEC35788DA019950C22A17255C57C0416F3B368C6C994BEA9595BF8CA19350691F958E8A76C56D36B1506116622E75172EA566BD99A31508531370BD34371BB0E8B5E543588747213195D9266B01A2CB49F99C8C5B150273DFDF3AF03F54D3C1A98E72B39B3494DD58AC5DCD942994C17C604F56267229E3A3E98BEBA7086758BF467A7AF5A9E295BB06E7199B5C54B63910E439AE8F6E2CAB9496E469ACF1671A77295BD8C85AF09F698455A0B07B078793391B4C2EF9AB74282F95639FD463B7D272518754F6CC6A65EDF9ED03B8F750BCFBCA2F0B51D16ED3082C50BB348EFCEB4FF9C9BBB2A5B687F7111225D181DF4CA161B7C3322A413D4A9D5C69C2C3454A51CDD41A4B4E685C55CB58546F4C6E910900DF0F992B39FA47D9C1FC5D305EF4EB371E6C5CDFA2C7CB364AEC9C8C9040B67E008537CA3630AEFF4F256D9B50C77C964EA6A5BD2F4E6C1070B0216042C60010B58C00216B080052C60018B8B6541F04106D726767777690458E483FF10000B58C00216B080052C60010B58C00216B080052C60010B58C00216B080052C60010B58C08280052C60010B58C00216B080052C60010B58C00216B080052C60010B58C00216B080052C604123C00216B080052C60010B58C00216B080052C60010B58C00216B080052C60010B58C00216B058D408C3706363A3C8423BF5142C1634B6B7B79F3D7BB6B7B7B7BABA6A5968430FB5534FC16241636565E5E8E8481A0E0F0FB7B6B6EC86BE6BA79E82C5E2C6FEFEFEF3426827B5C542C7FAFAFAF1F1B16B420FB513168B1E711CBB2CF4903681C5D2E6E6A6CB420F6913582C2D2F2F3F79F2C49AD0861ED226B030B1B3B363596883D680C528D6D6D686696883D680C56974D2A01D6031110FD2A01D5E020BFE15E54DFD37992FCA827F5F7B23FFA92E2C60010B58C00216B02060412C1A0BCF6B8771A7D9F072FB9B5112B6829A2769C6836ED4F63DEFFCDADD6F4D9CDFF382304E8A975DFE3B363ADDB8D6E579ADCE7CBFC80D64D11D266191457CD28BEAB3181DECB7926E19B2335C4CC58F9BA7FAA70ED4D3BDE120ACFD42357F1DAF951CF43B968588643786B979A672B9992C9A5E098B6EAB6EA3FBD1206B74B5ECD33FFFCAFDACEEF566F12B4A0E26BB36EDFB4E55EBEB920EE276F68A532ECF37A96EE2B5C2349FE55EBD57782DC362FC1213444C2B4D53088B192C460350C3F31BC13C1753CD42FD645F251D41DAD52709C2FEEC44626045C10C16D976452B5D4516B7FF3598F935A5EDC6F74D9A8D35A6F69566DBD96D1DA60FED01DDE169062EBDEF752FF694FCDD9DF120CD19C1E400EF1EA3571C759E7AC8DE97A52C6C19114EDEE8E35B5F777C7E0454F22FA60153FD4C5C8C7ED62B698DF44A74B0B99E0564F112B3851D355216DEF4BACFEDADF49E1EBDAE93062A5854DCFDB9734E2F8AEB142275B2851DCB722F0A8B62C63EE9F5358898A26C160BF7A6EF74CF934573B2BCD019DCDA4289AA5B36CF2AD616262199AA62D44ABEC94F2545F18D65E1354C222D0E22552D38D176696DE147C9943BB2982D9AE3DAFE3C58E46A52375B4C3B61CAC2344554328884ADA46AFA7A2359A83218AD529826736EFAE91578F6AC2D39EDF2C03C656F0D16F97944F56CE24558982A67385A83290C22D76426F2822CFCB4CC3C50FE9F1C4474A3640FDDA6296FC4F4D96C269256765ED53251A15F4755E76C16E3952B93CCDC096DA3723921BDA4AA41E4B4DA1D9F273055B340F4070B3D13C98AF3E22F6C6EFA6C1ED8AFAC30DC049EB1A8BAABDC26CEEEE3D3F16B2A8BB2CC713AA8F91577F059B3453395B7E813D42925E7E8EEF4BC6CDE58B9E6387E2AB79C65F2F06439322EDFC6B3D9289B1B8F5EA88A45BABC38CE43F698C9F54D43AA6C61F44CD982758B5A3311D3D66670A9683BBB90E03C955BCED2C3D194B5E1D5CA168DA06A392B3B389B19B9335BFB46495A10E47F85DC8C349F2DE24E691F57B1F09541C72F912E72040BC9C2CCC7CADF44308D52B83B8BEF38B8B5DB4C1655AB9C6E62289D309BF9825D041BCE984ECFBD6E61CA17F3FBB61D16A304B6582CFC74A6DE3553D3935C7E766795677A236AFA2052CA22F577928D624516A3B49195A2DE39B050CACC965F1D16C509D7CD9A89C449373ECDC0E99DA1C96ADBE918331C1CF493E9EF1FD66251684AB7AD7531A1BD98EA09A719984C3F8DBF8627E69DB67A4BB13359F866C93C3DA7CBC21938547DEBE546C7F4F3F9F546BD55663BBE6B961C9418CDD245B14BCC80D24FA6B7A969F4E92BDF2238EBAF37B28B398F3FD768C6C9CC6C91ABA3F9EB2C82BFCE226041C0828005010B58C00216B0E0830CF820033EF6C48DDDDD5D1A0116F9E03F04C00216B080052C60010B58C00216B080052C60010B58C00216B080052C60010B58C00216B02060010B58C00216B080052C60010B58C00216B080052C60010B58C00216B080052C60010B58D008B080052C60010B58C00216B080052C60010B58C00216B080052C60010B58C00216B080052C1635C230DCD8D828B2D04E3D058B058DEDEDED67CF9EEDEDEDADAEAE5A16DAD043EDD453B058D0585959393A3A9286C3C3C3ADAD2DBBA1EFDAA9A760B1B8B1BFBFFFBC10DA496DB1D0B1BEBE7E7C7CEC9AD043ED84C5A2471CC72E0B3DA44D60B1B4B9B9E9B2D043DA04164BCBCBCB4F9E3CB126B4A187B4092C4CECECEC5816DAA03560318AB5B5B5611ADAA03560711A9D346807584CC4833468876BC6827F42098B72160BFE2F6B61010B58C00216B080052C60010B58DC1816CD56DBF7BCFCCE78D06D0575CFA083A39293C0E2BAB2F0BC767738081B451627DD96579BC5492FCA1BF21A012CAE2D8B56D28BDBA53D5DCAC26FB59B85AFB07FD28B3B933B93DEF0A47866585C108BBBB76EEDDFBBF7FFFFF8C7E1C387FAD2861E6A67BD541184FDA4394EFE5E63B2A723BBDDE90E4B92C1CC6CC12072692CBEFFFBDF0F1E3E1C3C7A94FBD24E3D359B45A3D34DBBD3F88893D049FB2F3E88C0E27258A8E3FF5300917DE9A999329A71C7D6891A4A0EFA1DB7669CCEC2D698558348189BE1A3B40285C5F9B2B8BBBE5E9A277239438755766D3450E7998E8C925E3F5F754E67E1EB67A3A02A5B4C491EB0385F162A20B2EEFFF7A347FF73E7CEFD5BB7F4A58D7F3B3274D89462D3CC2A1B9EFAD80AD050E2176A0BDDFAB944028BABCB42A565D6F7FFBC73C76D7A3DCC9ED261336722DD2838EBFC05165794C5536704793039EFD0C3EC291D3663D1C29943D6598F3A65E11613B9DAA20F8B6BCBC24C43FA836E9CA4DF3B612B100B3F4ADC5AD27CC583E2F243962DD229EEA0671C74C23185292BA4B0B8EA83884915FDA439B916991B1DEC9EE228E337029B5A0C9A28B0A3864815574B6171CD4ACE3A45C38845C594241D4ADA5931315EFCF060718D27A893777F3B8CD271A4360BDF5935CF6ACC34034D7BDB0C16577D394B73D1303285452F3E1D4A72B5643A41CDB35056684613F31777EA91561B2707C3F43C8577CB6071D517BF550A98B5C88637731071F778CA2BA6BFBDE98BDFE6E4FDFC61B0B820162FF85659A995703237F8AD4E562E98F5AEB2D241856758EF0D14585C100BFE3A0B16B080052C60010B58C00216B080052C1688C5EFE3F8EDB7DFBEF9E69B77DF7DF7B258F04106578B85DD585E5EBE7BF7EEB7DF7E7B59D79A5DC9943D2F72B69775E61B10AF9CA9F95E7DF5D55F7FFDD56EBFFEFAEB5F7EF965ABD5D277FB51C8CD66F3CD37DFD486328A7EEABDF7DE5B4A3F964AFB97D24F52FEE28B2F7EF9E597C78F1FBFF6DA6BD9C93FFEF8634BADF400BDCAD6D6965EE5CE9D3BA52CDE79E79DEFBEFB4EC7E4AE41AFFBFDF7DF674716F797767CB633DB28BDAADBB76FFF96C6F6F6F6FBEFBFBFD02CD4280F1E3CF8FAEBAFEDC34F3FFDF4DEBD7BDA79FFFEFDCF3EFB4C7B7CDF573A594A3F70487AD4DFDAD6313AD23EFBF6DB6F0BD6C6C6C6A3478FB293EB476C8F961ED0683474061DA08D52169F7FFEB9AEE1D6AD5BF61A1E3E7CA8E3B5A1ABCA4E52BABF268BD2AB1208FB9B7EF0C10716FD22B2B0A19E566DA136B2FB7FF8E107DB9DBAA17FFCF1476DA86F744B6943F943DDA03B58DB5F7DF595F6DBE3ED475EEABBB6B393EBC7B313160FF8E9A79FECABE85E2F65617380BACD5E8352947D5D5D83FB19CDC5FDBF3B318545E955E9544A21AA22F5BA0C22132125D9279BEAEEC9FA46DFD597BA839578F55DF9DFE65E1DEF0A2B9EBCF4007B667BF25216B6637425F647B4A16B10B59F7FFED9EDB3E2FE9AD9A2F4AA741E654D3DD4EFA8510C16A7A156B6FDAD369203BB53B941595A7792B6D5709F7CF24936E8E898E207E4BA272F3D403B6D3A79E38D374A59D8A15D3D9DDDCA1A6E94F9ED35B891DB5F9345E955655255F164BF3B2C4C682CFFF0C30F6D6D917D4EB6C66FDD8E76DC556DA1FBE9A38F3ECA8ED78DA5A6D4B31A8C8A272F3D403B55A9681CD146290B1DA96B500D980DFC1AB3B2B1DF8DDCFE9A2C4AAF4A45AEAA0A71B1B5272C4EC3CE4494459521B2FAE0ADB7DED2F1F6B370359CDB994276BC2DE935EFC80A14F7E4A507A8CB757EDD9122583513D1CC423F984D13B491D51C6EE4F6D764517A55FAD53407B19311C9584416D72E540996FE4BA9AAFDC442B0D02866E73E35F7130BC1828005010B0216042C085810B0206041C0828005B150F15F03C8B9CB95C674860000000049454E44AE426082, 0);
INSERT INTO `act_ge_bytearray` VALUES ('c0de43c5-f296-11eb-983d-00ff65f53676', 1, 'processes/leave.bpmn', 'c0dda783-f296-11eb-983d-00ff65f53676', 0x3C3F786D6C2076657273696F6E3D22312E302220656E636F64696E673D225554462D3822207374616E64616C6F6E653D22796573223F3E0D0A3C646566696E6974696F6E7320786D6C6E733D22687474703A2F2F7777772E6F6D672E6F72672F737065632F42504D4E2F32303130303532342F4D4F44454C2220786D6C6E733A61637469766974693D22687474703A2F2F61637469766974692E6F72672F62706D6E2220786D6C6E733A62706D6E64693D22687474703A2F2F7777772E6F6D672E6F72672F737065632F42504D4E2F32303130303532342F44492220786D6C6E733A6F6D6764633D22687474703A2F2F7777772E6F6D672E6F72672F737065632F44442F32303130303532342F44432220786D6C6E733A6F6D6764693D22687474703A2F2F7777772E6F6D672E6F72672F737065632F44442F32303130303532342F44492220786D6C6E733A746E733D22687474703A2F2F7777772E61637469766974692E6F72672F746573742220786D6C6E733A7873643D22687474703A2F2F7777772E77332E6F72672F323030312F584D4C536368656D612220786D6C6E733A7873693D22687474703A2F2F7777772E77332E6F72672F323030312F584D4C536368656D612D696E7374616E6365222065787072657373696F6E4C616E67756167653D22687474703A2F2F7777772E77332E6F72672F313939392F5850617468222069643D226D3136323737383535363337313922206E616D653D2222207461726765744E616D6573706163653D22687474703A2F2F7777772E61637469766974692E6F72672F746573742220747970654C616E67756167653D22687474703A2F2F7777772E77332E6F72672F323030312F584D4C536368656D61223E0D0A20203C70726F636573732069643D226D7950726F636573735F3122206973436C6F7365643D2266616C73652220697345786563757461626C653D227472756522206E616D653D22E68891E79A84E8AFB7E58187E6B581E7A88B222070726F63657373547970653D224E6F6E65223E0D0A202020203C73746172744576656E742069643D225F3222206E616D653D22E5BC80E5A78B222F3E0D0A202020203C656E644576656E742069643D225F3622206E616D653D22E7BB93E69D9F222F3E0D0A202020203C757365725461736B2061637469766974693A6578636C75736976653D2274727565222069643D225F313022206E616D653D22E68F90E4BAA4E8AFB7E58187223E0D0A093C657874656E73696F6E456C656D656E74733E0D0A20202020202020203C61637469766974693A7461736B4C697374656E657220636C6173733D22636F6D2E6C76636F64696E672E61637469766974692E4C6561766550726F636573734C697374656E657222206576656E743D22637265617465222F3E0D0A2020202020203C2F657874656E73696F6E456C656D656E74733E0D0A202020203C2F757365725461736B3E0D0A202020203C757365725461736B2061637469766974693A6578636C75736976653D2274727565222069643D225F313122206E616D653D22E7BB84E995BFE5AEA1E689B9223E0D0A2020202020203C657874656E73696F6E456C656D656E74733E0D0A20202020202020203C61637469766974693A7461736B4C697374656E657220636C6173733D22636F6D2E6C76636F64696E672E61637469766974692E4C6561766550726F636573734C697374656E657222206576656E743D22637265617465222F3E0D0A2020202020203C2F657874656E73696F6E456C656D656E74733E0D0A202020203C2F757365725461736B3E0D0A202020203C757365725461736B2061637469766974693A6578636C75736976653D2274727565222069643D225F313222206E616D653D22E589AFE680BBE5AEA1E689B9223E0D0A2020202020203C657874656E73696F6E456C656D656E74733E0D0A20202020202020203C61637469766974693A7461736B4C697374656E657220636C6173733D22636F6D2E6C76636F64696E672E61637469766974692E4C6561766550726F636573734C697374656E657222206576656E743D22637265617465222F3E0D0A2020202020203C2F657874656E73696F6E456C656D656E74733E0D0A202020203C2F757365725461736B3E0D0A202020203C73657175656E6365466C6F772069643D225F31332220736F757263655265663D225F3222207461726765745265663D225F3130222F3E0D0A202020203C73657175656E6365466C6F772069643D225F31342220736F757263655265663D225F313022207461726765745265663D225F3131222F3E0D0A202020203C73657175656E6365466C6F772069643D225F31352220736F757263655265663D225F313122207461726765745265663D225F3132222F3E0D0A202020203C73657175656E6365466C6F772069643D225F31362220736F757263655265663D225F313222207461726765745265663D225F36222F3E0D0A20203C2F70726F636573733E0D0A20203C62706D6E64693A42504D4E4469616772616D20646F63756D656E746174696F6E3D226261636B67726F756E643D233343334634313B636F756E743D313B686F72697A6F6E74616C636F756E743D313B6F7269656E746174696F6E3D303B77696474683D3834322E343B6865696768743D313139352E323B696D61676561626C6557696474683D3833322E343B696D61676561626C654865696768743D313138352E323B696D61676561626C65583D352E303B696D61676561626C65593D352E30222069643D224469616772616D2D5F3122206E616D653D224E6577204469616772616D223E0D0A202020203C62706D6E64693A42504D4E506C616E652062706D6E456C656D656E743D226D7950726F636573735F31223E0D0A2020202020203C62706D6E64693A42504D4E53686170652062706D6E456C656D656E743D225F32222069643D2253686170652D5F32223E0D0A20202020202020203C6F6D6764633A426F756E6473206865696768743D2233322E30222077696474683D2233322E302220783D223336302E302220793D2233352E30222F3E0D0A20202020202020203C62706D6E64693A42504D4E4C6162656C3E0D0A202020202020202020203C6F6D6764633A426F756E6473206865696768743D2233322E30222077696474683D2233322E302220783D22302E302220793D22302E30222F3E0D0A20202020202020203C2F62706D6E64693A42504D4E4C6162656C3E0D0A2020202020203C2F62706D6E64693A42504D4E53686170653E0D0A2020202020203C62706D6E64693A42504D4E53686170652062706D6E456C656D656E743D225F36222069643D2253686170652D5F36223E0D0A20202020202020203C6F6D6764633A426F756E6473206865696768743D2233322E30222077696474683D2233322E302220783D223337302E302220793D223435302E30222F3E0D0A20202020202020203C62706D6E64693A42504D4E4C6162656C3E0D0A202020202020202020203C6F6D6764633A426F756E6473206865696768743D2233322E30222077696474683D2233322E302220783D22302E302220793D22302E30222F3E0D0A20202020202020203C2F62706D6E64693A42504D4E4C6162656C3E0D0A2020202020203C2F62706D6E64693A42504D4E53686170653E0D0A2020202020203C62706D6E64693A42504D4E53686170652062706D6E456C656D656E743D225F3130222069643D2253686170652D5F3130223E0D0A20202020202020203C6F6D6764633A426F756E6473206865696768743D2235352E30222077696474683D2238352E302220783D223334302E302220793D223131352E30222F3E0D0A20202020202020203C62706D6E64693A42504D4E4C6162656C3E0D0A202020202020202020203C6F6D6764633A426F756E6473206865696768743D2235352E30222077696474683D2238352E302220783D22302E302220793D22302E30222F3E0D0A20202020202020203C2F62706D6E64693A42504D4E4C6162656C3E0D0A2020202020203C2F62706D6E64693A42504D4E53686170653E0D0A2020202020203C62706D6E64693A42504D4E53686170652062706D6E456C656D656E743D225F3131222069643D2253686170652D5F3131223E0D0A20202020202020203C6F6D6764633A426F756E6473206865696768743D2235352E30222077696474683D2238352E302220783D223334302E302220793D223232302E30222F3E0D0A20202020202020203C62706D6E64693A42504D4E4C6162656C3E0D0A202020202020202020203C6F6D6764633A426F756E6473206865696768743D2235352E30222077696474683D2238352E302220783D22302E302220793D22302E30222F3E0D0A20202020202020203C2F62706D6E64693A42504D4E4C6162656C3E0D0A2020202020203C2F62706D6E64693A42504D4E53686170653E0D0A2020202020203C62706D6E64693A42504D4E53686170652062706D6E456C656D656E743D225F3132222069643D2253686170652D5F3132223E0D0A20202020202020203C6F6D6764633A426F756E6473206865696768743D2235352E30222077696474683D2238352E302220783D223334302E302220793D223331352E30222F3E0D0A20202020202020203C62706D6E64693A42504D4E4C6162656C3E0D0A202020202020202020203C6F6D6764633A426F756E6473206865696768743D2235352E30222077696474683D2238352E302220783D22302E302220793D22302E30222F3E0D0A20202020202020203C2F62706D6E64693A42504D4E4C6162656C3E0D0A2020202020203C2F62706D6E64693A42504D4E53686170653E0D0A2020202020203C62706D6E64693A42504D4E456467652062706D6E456C656D656E743D225F3133222069643D2242504D4E456467655F5F31332220736F75726365456C656D656E743D225F322220746172676574456C656D656E743D225F3130223E0D0A20202020202020203C6F6D6764693A776179706F696E7420783D223337362E302220793D2236372E30222F3E0D0A20202020202020203C6F6D6764693A776179706F696E7420783D223337362E302220793D223131352E30222F3E0D0A20202020202020203C62706D6E64693A42504D4E4C6162656C3E0D0A202020202020202020203C6F6D6764633A426F756E6473206865696768743D22302E30222077696474683D22302E302220783D22302E302220793D22302E30222F3E0D0A20202020202020203C2F62706D6E64693A42504D4E4C6162656C3E0D0A2020202020203C2F62706D6E64693A42504D4E456467653E0D0A2020202020203C62706D6E64693A42504D4E456467652062706D6E456C656D656E743D225F3135222069643D2242504D4E456467655F5F31352220736F75726365456C656D656E743D225F31312220746172676574456C656D656E743D225F3132223E0D0A20202020202020203C6F6D6764693A776179706F696E7420783D223338322E352220793D223237352E30222F3E0D0A20202020202020203C6F6D6764693A776179706F696E7420783D223338322E352220793D223331352E30222F3E0D0A20202020202020203C62706D6E64693A42504D4E4C6162656C3E0D0A202020202020202020203C6F6D6764633A426F756E6473206865696768743D22302E30222077696474683D22302E302220783D22302E302220793D22302E30222F3E0D0A20202020202020203C2F62706D6E64693A42504D4E4C6162656C3E0D0A2020202020203C2F62706D6E64693A42504D4E456467653E0D0A2020202020203C62706D6E64693A42504D4E456467652062706D6E456C656D656E743D225F3134222069643D2242504D4E456467655F5F31342220736F75726365456C656D656E743D225F31302220746172676574456C656D656E743D225F3131223E0D0A20202020202020203C6F6D6764693A776179706F696E7420783D223338322E352220793D223137302E30222F3E0D0A20202020202020203C6F6D6764693A776179706F696E7420783D223338322E352220793D223232302E30222F3E0D0A20202020202020203C62706D6E64693A42504D4E4C6162656C3E0D0A202020202020202020203C6F6D6764633A426F756E6473206865696768743D22302E30222077696474683D22302E302220783D22302E302220793D22302E30222F3E0D0A20202020202020203C2F62706D6E64693A42504D4E4C6162656C3E0D0A2020202020203C2F62706D6E64693A42504D4E456467653E0D0A2020202020203C62706D6E64693A42504D4E456467652062706D6E456C656D656E743D225F3136222069643D2242504D4E456467655F5F31362220736F75726365456C656D656E743D225F31322220746172676574456C656D656E743D225F36223E0D0A20202020202020203C6F6D6764693A776179706F696E7420783D223338362E302220793D223337302E30222F3E0D0A20202020202020203C6F6D6764693A776179706F696E7420783D223338362E302220793D223435302E30222F3E0D0A20202020202020203C62706D6E64693A42504D4E4C6162656C3E0D0A202020202020202020203C6F6D6764633A426F756E6473206865696768743D22302E30222077696474683D22302E302220783D22302E302220793D22302E30222F3E0D0A20202020202020203C2F62706D6E64693A42504D4E4C6162656C3E0D0A2020202020203C2F62706D6E64693A42504D4E456467653E0D0A202020203C2F62706D6E64693A42504D4E506C616E653E0D0A20203C2F62706D6E64693A42504D4E4469616772616D3E0D0A3C2F646566696E6974696F6E733E0D0A, 0);

-- ----------------------------
-- Table structure for act_ge_property
-- ----------------------------
DROP TABLE IF EXISTS `act_ge_property`;
CREATE TABLE `act_ge_property`  (
  `NAME_` varchar(64) CHARACTER SET utf8 COLLATE utf8_bin NOT NULL,
  `VALUE_` varchar(300) CHARACTER SET utf8 COLLATE utf8_bin NULL DEFAULT NULL,
  `REV_` int NULL DEFAULT NULL,
  PRIMARY KEY (`NAME_`) USING BTREE
) ENGINE = InnoDB CHARACTER SET = utf8 COLLATE = utf8_bin ROW_FORMAT = Dynamic;

-- ----------------------------
-- Records of act_ge_property
-- ----------------------------
INSERT INTO `act_ge_property` VALUES ('cfg.execution-related-entities-count', 'false', 1);
INSERT INTO `act_ge_property` VALUES ('next.dbid', '1', 1);
INSERT INTO `act_ge_property` VALUES ('schema.history', 'create(7.0.0.0)', 1);
INSERT INTO `act_ge_property` VALUES ('schema.version', '7.0.0.0', 1);

-- ----------------------------
-- Table structure for act_hi_actinst
-- ----------------------------
DROP TABLE IF EXISTS `act_hi_actinst`;
CREATE TABLE `act_hi_actinst`  (
  `ID_` varchar(64) CHARACTER SET utf8 COLLATE utf8_bin NOT NULL,
  `PROC_DEF_ID_` varchar(64) CHARACTER SET utf8 COLLATE utf8_bin NOT NULL,
  `PROC_INST_ID_` varchar(64) CHARACTER SET utf8 COLLATE utf8_bin NOT NULL,
  `EXECUTION_ID_` varchar(64) CHARACTER SET utf8 COLLATE utf8_bin NOT NULL,
  `ACT_ID_` varchar(255) CHARACTER SET utf8 COLLATE utf8_bin NOT NULL,
  `TASK_ID_` varchar(64) CHARACTER SET utf8 COLLATE utf8_bin NULL DEFAULT NULL,
  `CALL_PROC_INST_ID_` varchar(64) CHARACTER SET utf8 COLLATE utf8_bin NULL DEFAULT NULL,
  `ACT_NAME_` varchar(255) CHARACTER SET utf8 COLLATE utf8_bin NULL DEFAULT NULL,
  `ACT_TYPE_` varchar(255) CHARACTER SET utf8 COLLATE utf8_bin NOT NULL,
  `ASSIGNEE_` varchar(255) CHARACTER SET utf8 COLLATE utf8_bin NULL DEFAULT NULL,
  `START_TIME_` datetime(3) NOT NULL,
  `END_TIME_` datetime(3) NULL DEFAULT NULL,
  `DURATION_` bigint NULL DEFAULT NULL,
  `DELETE_REASON_` varchar(4000) CHARACTER SET utf8 COLLATE utf8_bin NULL DEFAULT NULL,
  `TENANT_ID_` varchar(255) CHARACTER SET utf8 COLLATE utf8_bin NULL DEFAULT '',
  PRIMARY KEY (`ID_`) USING BTREE,
  INDEX `ACT_IDX_HI_ACT_INST_START`(`START_TIME_`) USING BTREE,
  INDEX `ACT_IDX_HI_ACT_INST_END`(`END_TIME_`) USING BTREE,
  INDEX `ACT_IDX_HI_ACT_INST_PROCINST`(`PROC_INST_ID_`, `ACT_ID_`) USING BTREE,
  INDEX `ACT_IDX_HI_ACT_INST_EXEC`(`EXECUTION_ID_`, `ACT_ID_`) USING BTREE
) ENGINE = InnoDB CHARACTER SET = utf8 COLLATE = utf8_bin ROW_FORMAT = Dynamic;

-- ----------------------------
-- Records of act_hi_actinst
-- ----------------------------
INSERT INTO `act_hi_actinst` VALUES ('0ac19c9e-f29d-11eb-be4d-00ff65f53676', 'myProcess_1:1:c0f463d6-f296-11eb-983d-00ff65f53676', '5e9e9b04-f29a-11eb-a64a-00ff65f53676', '5e9f1035-f29a-11eb-a64a-00ff65f53676', '_6', NULL, NULL, '结束', 'endEvent', NULL, '2021-08-01 15:49:46.918', '2021-08-01 15:49:46.918', 0, NULL, '');
INSERT INTO `act_hi_actinst` VALUES ('5e9f5e56-f29a-11eb-a64a-00ff65f53676', 'myProcess_1:1:c0f463d6-f296-11eb-983d-00ff65f53676', '5e9e9b04-f29a-11eb-a64a-00ff65f53676', '5e9f1035-f29a-11eb-a64a-00ff65f53676', '_2', NULL, NULL, '开始', 'startEvent', NULL, '2021-08-01 15:30:39.132', '2021-08-01 15:30:39.134', 2, NULL, '');
INSERT INTO `act_hi_actinst` VALUES ('5ea021a7-f29a-11eb-a64a-00ff65f53676', 'myProcess_1:1:c0f463d6-f296-11eb-983d-00ff65f53676', '5e9e9b04-f29a-11eb-a64a-00ff65f53676', '5e9f1035-f29a-11eb-a64a-00ff65f53676', '_10', '5ea1cf58-f29a-11eb-a64a-00ff65f53676', NULL, '提交请假', 'userTask', NULL, '2021-08-01 15:30:39.137', '2021-08-01 15:30:52.292', 13155, NULL, '');
INSERT INTO `act_hi_actinst` VALUES ('6677baf9-f29a-11eb-a64a-00ff65f53676', 'myProcess_1:1:c0f463d6-f296-11eb-983d-00ff65f53676', '5e9e9b04-f29a-11eb-a64a-00ff65f53676', '5e9f1035-f29a-11eb-a64a-00ff65f53676', '_11', '6677e20a-f29a-11eb-a64a-00ff65f53676', NULL, '组长审批', 'userTask', NULL, '2021-08-01 15:30:52.294', '2021-08-01 15:45:42.539', 890245, NULL, '');
INSERT INTO `act_hi_actinst` VALUES ('7918f22b-f29c-11eb-be4d-00ff65f53676', 'myProcess_1:1:c0f463d6-f296-11eb-983d-00ff65f53676', '5e9e9b04-f29a-11eb-a64a-00ff65f53676', '5e9f1035-f29a-11eb-a64a-00ff65f53676', '_12', '791aedfc-f29c-11eb-be4d-00ff65f53676', NULL, '副总审批', 'userTask', NULL, '2021-08-01 15:45:42.543', '2021-08-01 15:49:46.917', 244374, NULL, '');
INSERT INTO `act_hi_actinst` VALUES ('c05baa86-f2b4-11eb-be4d-00ff65f53676', 'myProcess_1:1:c0f463d6-f296-11eb-983d-00ff65f53676', 'c05b8374-f2b4-11eb-be4d-00ff65f53676', 'c05b8375-f2b4-11eb-be4d-00ff65f53676', '_2', NULL, NULL, '开始', 'startEvent', NULL, '2021-08-01 18:39:30.020', '2021-08-01 18:39:30.020', 0, NULL, '');
INSERT INTO `act_hi_actinst` VALUES ('c05baa87-f2b4-11eb-be4d-00ff65f53676', 'myProcess_1:1:c0f463d6-f296-11eb-983d-00ff65f53676', 'c05b8374-f2b4-11eb-be4d-00ff65f53676', 'c05b8375-f2b4-11eb-be4d-00ff65f53676', '_10', 'c05bd198-f2b4-11eb-be4d-00ff65f53676', NULL, '提交请假', 'userTask', NULL, '2021-08-01 18:39:30.020', '2021-08-01 18:39:39.345', 9325, NULL, '');
INSERT INTO `act_hi_actinst` VALUES ('c5ea8c59-f2b4-11eb-be4d-00ff65f53676', 'myProcess_1:1:c0f463d6-f296-11eb-983d-00ff65f53676', 'c05b8374-f2b4-11eb-be4d-00ff65f53676', 'c05b8375-f2b4-11eb-be4d-00ff65f53676', '_11', 'c5ea8c5a-f2b4-11eb-be4d-00ff65f53676', NULL, '组长审批', 'userTask', NULL, '2021-08-01 18:39:39.345', NULL, NULL, NULL, '');
INSERT INTO `act_hi_actinst` VALUES ('d7e706b3-f2bb-11eb-8e5c-00ff65f53676', 'myProcess_1:1:c0f463d6-f296-11eb-983d-00ff65f53676', 'd7e706b1-f2bb-11eb-8e5c-00ff65f53676', 'd7e706b2-f2bb-11eb-8e5c-00ff65f53676', '_2', NULL, NULL, '开始', 'startEvent', NULL, '2021-08-01 19:30:15.998', '2021-08-01 19:30:15.998', 0, NULL, '');
INSERT INTO `act_hi_actinst` VALUES ('d7e706b4-f2bb-11eb-8e5c-00ff65f53676', 'myProcess_1:1:c0f463d6-f296-11eb-983d-00ff65f53676', 'd7e706b1-f2bb-11eb-8e5c-00ff65f53676', 'd7e706b2-f2bb-11eb-8e5c-00ff65f53676', '_10', 'd7e706b5-f2bb-11eb-8e5c-00ff65f53676', NULL, '提交请假', 'userTask', NULL, '2021-08-01 19:30:15.998', '2021-08-01 19:30:16.024', 26, NULL, '');
INSERT INTO `act_hi_actinst` VALUES ('d7eb2566-f2bb-11eb-8e5c-00ff65f53676', 'myProcess_1:1:c0f463d6-f296-11eb-983d-00ff65f53676', 'd7e706b1-f2bb-11eb-8e5c-00ff65f53676', 'd7e706b2-f2bb-11eb-8e5c-00ff65f53676', '_11', 'd7eb2567-f2bb-11eb-8e5c-00ff65f53676', NULL, '组长审批', 'userTask', NULL, '2021-08-01 19:30:16.025', NULL, NULL, NULL, '');
INSERT INTO `act_hi_actinst` VALUES ('f1f32fdc-f2b9-11eb-8e5c-00ff65f53676', 'myProcess_1:1:c0f463d6-f296-11eb-983d-00ff65f53676', 'f1f2457a-f2b9-11eb-8e5c-00ff65f53676', 'f1f2e1bb-f2b9-11eb-8e5c-00ff65f53676', '_2', NULL, NULL, '开始', 'startEvent', NULL, '2021-08-01 19:16:40.705', '2021-08-01 19:16:40.707', 2, NULL, '');
INSERT INTO `act_hi_actinst` VALUES ('f1f3f32d-f2b9-11eb-8e5c-00ff65f53676', 'myProcess_1:1:c0f463d6-f296-11eb-983d-00ff65f53676', 'f1f2457a-f2b9-11eb-8e5c-00ff65f53676', 'f1f2e1bb-f2b9-11eb-8e5c-00ff65f53676', '_10', 'f1f5c7ee-f2b9-11eb-8e5c-00ff65f53676', NULL, '提交请假', 'userTask', NULL, '2021-08-01 19:16:40.710', '2021-08-01 19:16:40.778', 68, NULL, '');
INSERT INTO `act_hi_actinst` VALUES ('f1fe536f-f2b9-11eb-8e5c-00ff65f53676', 'myProcess_1:1:c0f463d6-f296-11eb-983d-00ff65f53676', 'f1f2457a-f2b9-11eb-8e5c-00ff65f53676', 'f1f2e1bb-f2b9-11eb-8e5c-00ff65f53676', '_11', 'f1fe5370-f2b9-11eb-8e5c-00ff65f53676', NULL, '组长审批', 'userTask', NULL, '2021-08-01 19:16:40.778', NULL, NULL, NULL, '');

-- ----------------------------
-- Table structure for act_hi_attachment
-- ----------------------------
DROP TABLE IF EXISTS `act_hi_attachment`;
CREATE TABLE `act_hi_attachment`  (
  `ID_` varchar(64) CHARACTER SET utf8 COLLATE utf8_bin NOT NULL,
  `REV_` int NULL DEFAULT NULL,
  `USER_ID_` varchar(255) CHARACTER SET utf8 COLLATE utf8_bin NULL DEFAULT NULL,
  `NAME_` varchar(255) CHARACTER SET utf8 COLLATE utf8_bin NULL DEFAULT NULL,
  `DESCRIPTION_` varchar(4000) CHARACTER SET utf8 COLLATE utf8_bin NULL DEFAULT NULL,
  `TYPE_` varchar(255) CHARACTER SET utf8 COLLATE utf8_bin NULL DEFAULT NULL,
  `TASK_ID_` varchar(64) CHARACTER SET utf8 COLLATE utf8_bin NULL DEFAULT NULL,
  `PROC_INST_ID_` varchar(64) CHARACTER SET utf8 COLLATE utf8_bin NULL DEFAULT NULL,
  `URL_` varchar(4000) CHARACTER SET utf8 COLLATE utf8_bin NULL DEFAULT NULL,
  `CONTENT_ID_` varchar(64) CHARACTER SET utf8 COLLATE utf8_bin NULL DEFAULT NULL,
  `TIME_` datetime(3) NULL DEFAULT NULL,
  PRIMARY KEY (`ID_`) USING BTREE
) ENGINE = InnoDB CHARACTER SET = utf8 COLLATE = utf8_bin ROW_FORMAT = Dynamic;

-- ----------------------------
-- Records of act_hi_attachment
-- ----------------------------

-- ----------------------------
-- Table structure for act_hi_comment
-- ----------------------------
DROP TABLE IF EXISTS `act_hi_comment`;
CREATE TABLE `act_hi_comment`  (
  `ID_` varchar(64) CHARACTER SET utf8 COLLATE utf8_bin NOT NULL,
  `TYPE_` varchar(255) CHARACTER SET utf8 COLLATE utf8_bin NULL DEFAULT NULL,
  `TIME_` datetime(3) NOT NULL,
  `USER_ID_` varchar(255) CHARACTER SET utf8 COLLATE utf8_bin NULL DEFAULT NULL,
  `TASK_ID_` varchar(64) CHARACTER SET utf8 COLLATE utf8_bin NULL DEFAULT NULL,
  `PROC_INST_ID_` varchar(64) CHARACTER SET utf8 COLLATE utf8_bin NULL DEFAULT NULL,
  `ACTION_` varchar(255) CHARACTER SET utf8 COLLATE utf8_bin NULL DEFAULT NULL,
  `MESSAGE_` varchar(4000) CHARACTER SET utf8 COLLATE utf8_bin NULL DEFAULT NULL,
  `FULL_MSG_` longblob NULL,
  PRIMARY KEY (`ID_`) USING BTREE
) ENGINE = InnoDB CHARACTER SET = utf8 COLLATE = utf8_bin ROW_FORMAT = Dynamic;

-- ----------------------------
-- Records of act_hi_comment
-- ----------------------------

-- ----------------------------
-- Table structure for act_hi_detail
-- ----------------------------
DROP TABLE IF EXISTS `act_hi_detail`;
CREATE TABLE `act_hi_detail`  (
  `ID_` varchar(64) CHARACTER SET utf8 COLLATE utf8_bin NOT NULL,
  `TYPE_` varchar(255) CHARACTER SET utf8 COLLATE utf8_bin NOT NULL,
  `PROC_INST_ID_` varchar(64) CHARACTER SET utf8 COLLATE utf8_bin NULL DEFAULT NULL,
  `EXECUTION_ID_` varchar(64) CHARACTER SET utf8 COLLATE utf8_bin NULL DEFAULT NULL,
  `TASK_ID_` varchar(64) CHARACTER SET utf8 COLLATE utf8_bin NULL DEFAULT NULL,
  `ACT_INST_ID_` varchar(64) CHARACTER SET utf8 COLLATE utf8_bin NULL DEFAULT NULL,
  `NAME_` varchar(255) CHARACTER SET utf8 COLLATE utf8_bin NOT NULL,
  `VAR_TYPE_` varchar(255) CHARACTER SET utf8 COLLATE utf8_bin NULL DEFAULT NULL,
  `REV_` int NULL DEFAULT NULL,
  `TIME_` datetime(3) NOT NULL,
  `BYTEARRAY_ID_` varchar(64) CHARACTER SET utf8 COLLATE utf8_bin NULL DEFAULT NULL,
  `DOUBLE_` double NULL DEFAULT NULL,
  `LONG_` bigint NULL DEFAULT NULL,
  `TEXT_` varchar(4000) CHARACTER SET utf8 COLLATE utf8_bin NULL DEFAULT NULL,
  `TEXT2_` varchar(4000) CHARACTER SET utf8 COLLATE utf8_bin NULL DEFAULT NULL,
  PRIMARY KEY (`ID_`) USING BTREE,
  INDEX `ACT_IDX_HI_DETAIL_PROC_INST`(`PROC_INST_ID_`) USING BTREE,
  INDEX `ACT_IDX_HI_DETAIL_ACT_INST`(`ACT_INST_ID_`) USING BTREE,
  INDEX `ACT_IDX_HI_DETAIL_TIME`(`TIME_`) USING BTREE,
  INDEX `ACT_IDX_HI_DETAIL_NAME`(`NAME_`) USING BTREE,
  INDEX `ACT_IDX_HI_DETAIL_TASK_ID`(`TASK_ID_`) USING BTREE
) ENGINE = InnoDB CHARACTER SET = utf8 COLLATE = utf8_bin ROW_FORMAT = Dynamic;

-- ----------------------------
-- Records of act_hi_detail
-- ----------------------------

-- ----------------------------
-- Table structure for act_hi_identitylink
-- ----------------------------
DROP TABLE IF EXISTS `act_hi_identitylink`;
CREATE TABLE `act_hi_identitylink`  (
  `ID_` varchar(64) CHARACTER SET utf8 COLLATE utf8_bin NOT NULL,
  `GROUP_ID_` varchar(255) CHARACTER SET utf8 COLLATE utf8_bin NULL DEFAULT NULL,
  `TYPE_` varchar(255) CHARACTER SET utf8 COLLATE utf8_bin NULL DEFAULT NULL,
  `USER_ID_` varchar(255) CHARACTER SET utf8 COLLATE utf8_bin NULL DEFAULT NULL,
  `TASK_ID_` varchar(64) CHARACTER SET utf8 COLLATE utf8_bin NULL DEFAULT NULL,
  `PROC_INST_ID_` varchar(64) CHARACTER SET utf8 COLLATE utf8_bin NULL DEFAULT NULL,
  PRIMARY KEY (`ID_`) USING BTREE,
  INDEX `ACT_IDX_HI_IDENT_LNK_USER`(`USER_ID_`) USING BTREE,
  INDEX `ACT_IDX_HI_IDENT_LNK_TASK`(`TASK_ID_`) USING BTREE,
  INDEX `ACT_IDX_HI_IDENT_LNK_PROCINST`(`PROC_INST_ID_`) USING BTREE
) ENGINE = InnoDB CHARACTER SET = utf8 COLLATE = utf8_bin ROW_FORMAT = Dynamic;

-- ----------------------------
-- Records of act_hi_identitylink
-- ----------------------------
INSERT INTO `act_hi_identitylink` VALUES ('74df2b5b-f29a-11eb-a64a-00ff65f53676', NULL, 'candidate', 'jl', '6677e20a-f29a-11eb-a64a-00ff65f53676', NULL);
INSERT INTO `act_hi_identitylink` VALUES ('74df797c-f29a-11eb-a64a-00ff65f53676', NULL, 'participant', 'jl', NULL, '5e9e9b04-f29a-11eb-a64a-00ff65f53676');
INSERT INTO `act_hi_identitylink` VALUES ('83ecdb8d-f29c-11eb-be4d-00ff65f53676', NULL, 'candidate', 'jl', '791aedfc-f29c-11eb-be4d-00ff65f53676', NULL);
INSERT INTO `act_hi_identitylink` VALUES ('c5ecaf3b-f2b4-11eb-be4d-00ff65f53676', NULL, 'candidate', 'jl', 'c5ea8c5a-f2b4-11eb-be4d-00ff65f53676', NULL);
INSERT INTO `act_hi_identitylink` VALUES ('c5ecd64c-f2b4-11eb-be4d-00ff65f53676', NULL, 'participant', 'jl', NULL, 'c05b8374-f2b4-11eb-be4d-00ff65f53676');

-- ----------------------------
-- Table structure for act_hi_procinst
-- ----------------------------
DROP TABLE IF EXISTS `act_hi_procinst`;
CREATE TABLE `act_hi_procinst`  (
  `ID_` varchar(64) CHARACTER SET utf8 COLLATE utf8_bin NOT NULL,
  `PROC_INST_ID_` varchar(64) CHARACTER SET utf8 COLLATE utf8_bin NOT NULL,
  `BUSINESS_KEY_` varchar(255) CHARACTER SET utf8 COLLATE utf8_bin NULL DEFAULT NULL,
  `PROC_DEF_ID_` varchar(64) CHARACTER SET utf8 COLLATE utf8_bin NOT NULL,
  `START_TIME_` datetime(3) NOT NULL,
  `END_TIME_` datetime(3) NULL DEFAULT NULL,
  `DURATION_` bigint NULL DEFAULT NULL,
  `START_USER_ID_` varchar(255) CHARACTER SET utf8 COLLATE utf8_bin NULL DEFAULT NULL,
  `START_ACT_ID_` varchar(255) CHARACTER SET utf8 COLLATE utf8_bin NULL DEFAULT NULL,
  `END_ACT_ID_` varchar(255) CHARACTER SET utf8 COLLATE utf8_bin NULL DEFAULT NULL,
  `SUPER_PROCESS_INSTANCE_ID_` varchar(64) CHARACTER SET utf8 COLLATE utf8_bin NULL DEFAULT NULL,
  `DELETE_REASON_` varchar(4000) CHARACTER SET utf8 COLLATE utf8_bin NULL DEFAULT NULL,
  `TENANT_ID_` varchar(255) CHARACTER SET utf8 COLLATE utf8_bin NULL DEFAULT '',
  `NAME_` varchar(255) CHARACTER SET utf8 COLLATE utf8_bin NULL DEFAULT NULL,
  PRIMARY KEY (`ID_`) USING BTREE,
  UNIQUE INDEX `PROC_INST_ID_`(`PROC_INST_ID_`) USING BTREE,
  INDEX `ACT_IDX_HI_PRO_INST_END`(`END_TIME_`) USING BTREE,
  INDEX `ACT_IDX_HI_PRO_I_BUSKEY`(`BUSINESS_KEY_`) USING BTREE
) ENGINE = InnoDB CHARACTER SET = utf8 COLLATE = utf8_bin ROW_FORMAT = Dynamic;

-- ----------------------------
-- Records of act_hi_procinst
-- ----------------------------
INSERT INTO `act_hi_procinst` VALUES ('5e9e9b04-f29a-11eb-a64a-00ff65f53676', '5e9e9b04-f29a-11eb-a64a-00ff65f53676', '25', 'myProcess_1:1:c0f463d6-f296-11eb-983d-00ff65f53676', '2021-08-01 15:30:39.127', '2021-08-01 15:49:46.937', 1147810, NULL, '_2', '_6', NULL, NULL, '', NULL);
INSERT INTO `act_hi_procinst` VALUES ('c05b8374-f2b4-11eb-be4d-00ff65f53676', 'c05b8374-f2b4-11eb-be4d-00ff65f53676', '27', 'myProcess_1:1:c0f463d6-f296-11eb-983d-00ff65f53676', '2021-08-01 18:39:30.019', NULL, NULL, NULL, '_2', NULL, NULL, NULL, '', NULL);
INSERT INTO `act_hi_procinst` VALUES ('d7e706b1-f2bb-11eb-8e5c-00ff65f53676', 'd7e706b1-f2bb-11eb-8e5c-00ff65f53676', '29', 'myProcess_1:1:c0f463d6-f296-11eb-983d-00ff65f53676', '2021-08-01 19:30:15.997', NULL, NULL, NULL, '_2', NULL, NULL, NULL, '', NULL);
INSERT INTO `act_hi_procinst` VALUES ('f1f2457a-f2b9-11eb-8e5c-00ff65f53676', 'f1f2457a-f2b9-11eb-8e5c-00ff65f53676', '28', 'myProcess_1:1:c0f463d6-f296-11eb-983d-00ff65f53676', '2021-08-01 19:16:40.699', NULL, NULL, NULL, '_2', NULL, NULL, NULL, '', NULL);

-- ----------------------------
-- Table structure for act_hi_taskinst
-- ----------------------------
DROP TABLE IF EXISTS `act_hi_taskinst`;
CREATE TABLE `act_hi_taskinst`  (
  `ID_` varchar(64) CHARACTER SET utf8 COLLATE utf8_bin NOT NULL,
  `PROC_DEF_ID_` varchar(64) CHARACTER SET utf8 COLLATE utf8_bin NULL DEFAULT NULL,
  `TASK_DEF_KEY_` varchar(255) CHARACTER SET utf8 COLLATE utf8_bin NULL DEFAULT NULL,
  `PROC_INST_ID_` varchar(64) CHARACTER SET utf8 COLLATE utf8_bin NULL DEFAULT NULL,
  `EXECUTION_ID_` varchar(64) CHARACTER SET utf8 COLLATE utf8_bin NULL DEFAULT NULL,
  `NAME_` varchar(255) CHARACTER SET utf8 COLLATE utf8_bin NULL DEFAULT NULL,
  `PARENT_TASK_ID_` varchar(64) CHARACTER SET utf8 COLLATE utf8_bin NULL DEFAULT NULL,
  `DESCRIPTION_` varchar(4000) CHARACTER SET utf8 COLLATE utf8_bin NULL DEFAULT NULL,
  `OWNER_` varchar(255) CHARACTER SET utf8 COLLATE utf8_bin NULL DEFAULT NULL,
  `ASSIGNEE_` varchar(255) CHARACTER SET utf8 COLLATE utf8_bin NULL DEFAULT NULL,
  `START_TIME_` datetime(3) NOT NULL,
  `CLAIM_TIME_` datetime(3) NULL DEFAULT NULL,
  `END_TIME_` datetime(3) NULL DEFAULT NULL,
  `DURATION_` bigint NULL DEFAULT NULL,
  `DELETE_REASON_` varchar(4000) CHARACTER SET utf8 COLLATE utf8_bin NULL DEFAULT NULL,
  `PRIORITY_` int NULL DEFAULT NULL,
  `DUE_DATE_` datetime(3) NULL DEFAULT NULL,
  `FORM_KEY_` varchar(255) CHARACTER SET utf8 COLLATE utf8_bin NULL DEFAULT NULL,
  `CATEGORY_` varchar(255) CHARACTER SET utf8 COLLATE utf8_bin NULL DEFAULT NULL,
  `TENANT_ID_` varchar(255) CHARACTER SET utf8 COLLATE utf8_bin NULL DEFAULT '',
  PRIMARY KEY (`ID_`) USING BTREE,
  INDEX `ACT_IDX_HI_TASK_INST_PROCINST`(`PROC_INST_ID_`) USING BTREE
) ENGINE = InnoDB CHARACTER SET = utf8 COLLATE = utf8_bin ROW_FORMAT = Dynamic;

-- ----------------------------
-- Records of act_hi_taskinst
-- ----------------------------
INSERT INTO `act_hi_taskinst` VALUES ('5ea1cf58-f29a-11eb-a64a-00ff65f53676', 'myProcess_1:1:c0f463d6-f296-11eb-983d-00ff65f53676', '_10', '5e9e9b04-f29a-11eb-a64a-00ff65f53676', '5e9f1035-f29a-11eb-a64a-00ff65f53676', '提交请假', NULL, NULL, NULL, NULL, '2021-08-01 15:30:39.148', NULL, '2021-08-01 15:30:52.219', 13071, NULL, 50, NULL, NULL, NULL, '');
INSERT INTO `act_hi_taskinst` VALUES ('6677e20a-f29a-11eb-a64a-00ff65f53676', 'myProcess_1:1:c0f463d6-f296-11eb-983d-00ff65f53676', '_11', '5e9e9b04-f29a-11eb-a64a-00ff65f53676', '5e9f1035-f29a-11eb-a64a-00ff65f53676', '组长审批', NULL, NULL, NULL, NULL, '2021-08-01 15:30:52.295', NULL, '2021-08-01 15:45:42.527', 890232, NULL, 50, NULL, NULL, NULL, '');
INSERT INTO `act_hi_taskinst` VALUES ('791aedfc-f29c-11eb-be4d-00ff65f53676', 'myProcess_1:1:c0f463d6-f296-11eb-983d-00ff65f53676', '_12', '5e9e9b04-f29a-11eb-a64a-00ff65f53676', '5e9f1035-f29a-11eb-a64a-00ff65f53676', '副总审批', NULL, NULL, NULL, NULL, '2021-08-01 15:45:42.556', NULL, '2021-08-01 15:49:46.913', 244357, NULL, 50, NULL, NULL, NULL, '');
INSERT INTO `act_hi_taskinst` VALUES ('c05bd198-f2b4-11eb-be4d-00ff65f53676', 'myProcess_1:1:c0f463d6-f296-11eb-983d-00ff65f53676', '_10', 'c05b8374-f2b4-11eb-be4d-00ff65f53676', 'c05b8375-f2b4-11eb-be4d-00ff65f53676', '提交请假', NULL, NULL, NULL, NULL, '2021-08-01 18:39:30.021', NULL, '2021-08-01 18:39:39.341', 9320, NULL, 50, NULL, NULL, NULL, '');
INSERT INTO `act_hi_taskinst` VALUES ('c5ea8c5a-f2b4-11eb-be4d-00ff65f53676', 'myProcess_1:1:c0f463d6-f296-11eb-983d-00ff65f53676', '_11', 'c05b8374-f2b4-11eb-be4d-00ff65f53676', 'c05b8375-f2b4-11eb-be4d-00ff65f53676', '组长审批', NULL, NULL, NULL, NULL, '2021-08-01 18:39:39.345', NULL, NULL, NULL, NULL, 50, NULL, NULL, NULL, '');
INSERT INTO `act_hi_taskinst` VALUES ('d7e706b5-f2bb-11eb-8e5c-00ff65f53676', 'myProcess_1:1:c0f463d6-f296-11eb-983d-00ff65f53676', '_10', 'd7e706b1-f2bb-11eb-8e5c-00ff65f53676', 'd7e706b2-f2bb-11eb-8e5c-00ff65f53676', '提交请假', NULL, NULL, NULL, NULL, '2021-08-01 19:30:15.998', NULL, '2021-08-01 19:30:16.022', 24, NULL, 50, NULL, NULL, NULL, '');
INSERT INTO `act_hi_taskinst` VALUES ('d7eb2567-f2bb-11eb-8e5c-00ff65f53676', 'myProcess_1:1:c0f463d6-f296-11eb-983d-00ff65f53676', '_11', 'd7e706b1-f2bb-11eb-8e5c-00ff65f53676', 'd7e706b2-f2bb-11eb-8e5c-00ff65f53676', '组长审批', NULL, NULL, NULL, NULL, '2021-08-01 19:30:16.025', NULL, NULL, NULL, NULL, 50, NULL, NULL, NULL, '');
INSERT INTO `act_hi_taskinst` VALUES ('f1f5c7ee-f2b9-11eb-8e5c-00ff65f53676', 'myProcess_1:1:c0f463d6-f296-11eb-983d-00ff65f53676', '_10', 'f1f2457a-f2b9-11eb-8e5c-00ff65f53676', 'f1f2e1bb-f2b9-11eb-8e5c-00ff65f53676', '提交请假', NULL, NULL, NULL, NULL, '2021-08-01 19:16:40.722', NULL, '2021-08-01 19:16:40.773', 51, NULL, 50, NULL, NULL, NULL, '');
INSERT INTO `act_hi_taskinst` VALUES ('f1fe5370-f2b9-11eb-8e5c-00ff65f53676', 'myProcess_1:1:c0f463d6-f296-11eb-983d-00ff65f53676', '_11', 'f1f2457a-f2b9-11eb-8e5c-00ff65f53676', 'f1f2e1bb-f2b9-11eb-8e5c-00ff65f53676', '组长审批', NULL, NULL, NULL, NULL, '2021-08-01 19:16:40.778', NULL, NULL, NULL, NULL, 50, NULL, NULL, NULL, '');

-- ----------------------------
-- Table structure for act_hi_varinst
-- ----------------------------
DROP TABLE IF EXISTS `act_hi_varinst`;
CREATE TABLE `act_hi_varinst`  (
  `ID_` varchar(64) CHARACTER SET utf8 COLLATE utf8_bin NOT NULL,
  `PROC_INST_ID_` varchar(64) CHARACTER SET utf8 COLLATE utf8_bin NULL DEFAULT NULL,
  `EXECUTION_ID_` varchar(64) CHARACTER SET utf8 COLLATE utf8_bin NULL DEFAULT NULL,
  `TASK_ID_` varchar(64) CHARACTER SET utf8 COLLATE utf8_bin NULL DEFAULT NULL,
  `NAME_` varchar(255) CHARACTER SET utf8 COLLATE utf8_bin NOT NULL,
  `VAR_TYPE_` varchar(100) CHARACTER SET utf8 COLLATE utf8_bin NULL DEFAULT NULL,
  `REV_` int NULL DEFAULT NULL,
  `BYTEARRAY_ID_` varchar(64) CHARACTER SET utf8 COLLATE utf8_bin NULL DEFAULT NULL,
  `DOUBLE_` double NULL DEFAULT NULL,
  `LONG_` bigint NULL DEFAULT NULL,
  `TEXT_` varchar(4000) CHARACTER SET utf8 COLLATE utf8_bin NULL DEFAULT NULL,
  `TEXT2_` varchar(4000) CHARACTER SET utf8 COLLATE utf8_bin NULL DEFAULT NULL,
  `CREATE_TIME_` datetime(3) NULL DEFAULT NULL,
  `LAST_UPDATED_TIME_` datetime(3) NULL DEFAULT NULL,
  PRIMARY KEY (`ID_`) USING BTREE,
  INDEX `ACT_IDX_HI_PROCVAR_PROC_INST`(`PROC_INST_ID_`) USING BTREE,
  INDEX `ACT_IDX_HI_PROCVAR_NAME_TYPE`(`NAME_`, `VAR_TYPE_`) USING BTREE,
  INDEX `ACT_IDX_HI_PROCVAR_TASK_ID`(`TASK_ID_`) USING BTREE
) ENGINE = InnoDB CHARACTER SET = utf8 COLLATE = utf8_bin ROW_FORMAT = Dynamic;

-- ----------------------------
-- Records of act_hi_varinst
-- ----------------------------

-- ----------------------------
-- Table structure for act_procdef_info
-- ----------------------------
DROP TABLE IF EXISTS `act_procdef_info`;
CREATE TABLE `act_procdef_info`  (
  `ID_` varchar(64) CHARACTER SET utf8 COLLATE utf8_bin NOT NULL,
  `PROC_DEF_ID_` varchar(64) CHARACTER SET utf8 COLLATE utf8_bin NOT NULL,
  `REV_` int NULL DEFAULT NULL,
  `INFO_JSON_ID_` varchar(64) CHARACTER SET utf8 COLLATE utf8_bin NULL DEFAULT NULL,
  PRIMARY KEY (`ID_`) USING BTREE,
  UNIQUE INDEX `ACT_UNIQ_INFO_PROCDEF`(`PROC_DEF_ID_`) USING BTREE,
  INDEX `ACT_IDX_INFO_PROCDEF`(`PROC_DEF_ID_`) USING BTREE,
  INDEX `ACT_FK_INFO_JSON_BA`(`INFO_JSON_ID_`) USING BTREE,
  CONSTRAINT `ACT_FK_INFO_JSON_BA` FOREIGN KEY (`INFO_JSON_ID_`) REFERENCES `act_ge_bytearray` (`ID_`) ON DELETE RESTRICT ON UPDATE RESTRICT,
  CONSTRAINT `ACT_FK_INFO_PROCDEF` FOREIGN KEY (`PROC_DEF_ID_`) REFERENCES `act_re_procdef` (`ID_`) ON DELETE RESTRICT ON UPDATE RESTRICT
) ENGINE = InnoDB CHARACTER SET = utf8 COLLATE = utf8_bin ROW_FORMAT = Dynamic;

-- ----------------------------
-- Records of act_procdef_info
-- ----------------------------

-- ----------------------------
-- Table structure for act_re_deployment
-- ----------------------------
DROP TABLE IF EXISTS `act_re_deployment`;
CREATE TABLE `act_re_deployment`  (
  `ID_` varchar(64) CHARACTER SET utf8 COLLATE utf8_bin NOT NULL,
  `NAME_` varchar(255) CHARACTER SET utf8 COLLATE utf8_bin NULL DEFAULT NULL,
  `CATEGORY_` varchar(255) CHARACTER SET utf8 COLLATE utf8_bin NULL DEFAULT NULL,
  `KEY_` varchar(255) CHARACTER SET utf8 COLLATE utf8_bin NULL DEFAULT NULL,
  `TENANT_ID_` varchar(255) CHARACTER SET utf8 COLLATE utf8_bin NULL DEFAULT '',
  `DEPLOY_TIME_` timestamp(3) NULL DEFAULT NULL,
  `ENGINE_VERSION_` varchar(255) CHARACTER SET utf8 COLLATE utf8_bin NULL DEFAULT NULL,
  PRIMARY KEY (`ID_`) USING BTREE
) ENGINE = InnoDB CHARACTER SET = utf8 COLLATE = utf8_bin ROW_FORMAT = Dynamic;

-- ----------------------------
-- Records of act_re_deployment
-- ----------------------------
INSERT INTO `act_re_deployment` VALUES ('c0dda783-f296-11eb-983d-00ff65f53676', '请假流程', NULL, NULL, '', '2021-08-01 15:04:45.970', NULL);

-- ----------------------------
-- Table structure for act_re_model
-- ----------------------------
DROP TABLE IF EXISTS `act_re_model`;
CREATE TABLE `act_re_model`  (
  `ID_` varchar(64) CHARACTER SET utf8 COLLATE utf8_bin NOT NULL,
  `REV_` int NULL DEFAULT NULL,
  `NAME_` varchar(255) CHARACTER SET utf8 COLLATE utf8_bin NULL DEFAULT NULL,
  `KEY_` varchar(255) CHARACTER SET utf8 COLLATE utf8_bin NULL DEFAULT NULL,
  `CATEGORY_` varchar(255) CHARACTER SET utf8 COLLATE utf8_bin NULL DEFAULT NULL,
  `CREATE_TIME_` timestamp(3) NULL DEFAULT NULL,
  `LAST_UPDATE_TIME_` timestamp(3) NULL DEFAULT NULL,
  `VERSION_` int NULL DEFAULT NULL,
  `META_INFO_` varchar(4000) CHARACTER SET utf8 COLLATE utf8_bin NULL DEFAULT NULL,
  `DEPLOYMENT_ID_` varchar(64) CHARACTER SET utf8 COLLATE utf8_bin NULL DEFAULT NULL,
  `EDITOR_SOURCE_VALUE_ID_` varchar(64) CHARACTER SET utf8 COLLATE utf8_bin NULL DEFAULT NULL,
  `EDITOR_SOURCE_EXTRA_VALUE_ID_` varchar(64) CHARACTER SET utf8 COLLATE utf8_bin NULL DEFAULT NULL,
  `TENANT_ID_` varchar(255) CHARACTER SET utf8 COLLATE utf8_bin NULL DEFAULT '',
  PRIMARY KEY (`ID_`) USING BTREE,
  INDEX `ACT_FK_MODEL_SOURCE`(`EDITOR_SOURCE_VALUE_ID_`) USING BTREE,
  INDEX `ACT_FK_MODEL_SOURCE_EXTRA`(`EDITOR_SOURCE_EXTRA_VALUE_ID_`) USING BTREE,
  INDEX `ACT_FK_MODEL_DEPLOYMENT`(`DEPLOYMENT_ID_`) USING BTREE,
  CONSTRAINT `ACT_FK_MODEL_DEPLOYMENT` FOREIGN KEY (`DEPLOYMENT_ID_`) REFERENCES `act_re_deployment` (`ID_`) ON DELETE RESTRICT ON UPDATE RESTRICT,
  CONSTRAINT `ACT_FK_MODEL_SOURCE` FOREIGN KEY (`EDITOR_SOURCE_VALUE_ID_`) REFERENCES `act_ge_bytearray` (`ID_`) ON DELETE RESTRICT ON UPDATE RESTRICT,
  CONSTRAINT `ACT_FK_MODEL_SOURCE_EXTRA` FOREIGN KEY (`EDITOR_SOURCE_EXTRA_VALUE_ID_`) REFERENCES `act_ge_bytearray` (`ID_`) ON DELETE RESTRICT ON UPDATE RESTRICT
) ENGINE = InnoDB CHARACTER SET = utf8 COLLATE = utf8_bin ROW_FORMAT = Dynamic;

-- ----------------------------
-- Records of act_re_model
-- ----------------------------

-- ----------------------------
-- Table structure for act_re_procdef
-- ----------------------------
DROP TABLE IF EXISTS `act_re_procdef`;
CREATE TABLE `act_re_procdef`  (
  `ID_` varchar(64) CHARACTER SET utf8 COLLATE utf8_bin NOT NULL,
  `REV_` int NULL DEFAULT NULL,
  `CATEGORY_` varchar(255) CHARACTER SET utf8 COLLATE utf8_bin NULL DEFAULT NULL,
  `NAME_` varchar(255) CHARACTER SET utf8 COLLATE utf8_bin NULL DEFAULT NULL,
  `KEY_` varchar(255) CHARACTER SET utf8 COLLATE utf8_bin NOT NULL,
  `VERSION_` int NOT NULL,
  `DEPLOYMENT_ID_` varchar(64) CHARACTER SET utf8 COLLATE utf8_bin NULL DEFAULT NULL,
  `RESOURCE_NAME_` varchar(4000) CHARACTER SET utf8 COLLATE utf8_bin NULL DEFAULT NULL,
  `DGRM_RESOURCE_NAME_` varchar(4000) CHARACTER SET utf8 COLLATE utf8_bin NULL DEFAULT NULL,
  `DESCRIPTION_` varchar(4000) CHARACTER SET utf8 COLLATE utf8_bin NULL DEFAULT NULL,
  `HAS_START_FORM_KEY_` tinyint NULL DEFAULT NULL,
  `HAS_GRAPHICAL_NOTATION_` tinyint NULL DEFAULT NULL,
  `SUSPENSION_STATE_` int NULL DEFAULT NULL,
  `TENANT_ID_` varchar(255) CHARACTER SET utf8 COLLATE utf8_bin NULL DEFAULT '',
  `ENGINE_VERSION_` varchar(255) CHARACTER SET utf8 COLLATE utf8_bin NULL DEFAULT NULL,
  PRIMARY KEY (`ID_`) USING BTREE,
  UNIQUE INDEX `ACT_UNIQ_PROCDEF`(`KEY_`, `VERSION_`, `TENANT_ID_`) USING BTREE
) ENGINE = InnoDB CHARACTER SET = utf8 COLLATE = utf8_bin ROW_FORMAT = Dynamic;

-- ----------------------------
-- Records of act_re_procdef
-- ----------------------------
INSERT INTO `act_re_procdef` VALUES ('myProcess_1:1:c0f463d6-f296-11eb-983d-00ff65f53676', 1, 'http://www.activiti.org/test', '我的请假流程', 'myProcess_1', 1, 'c0dda783-f296-11eb-983d-00ff65f53676', 'processes/leave.bpmn', 'processes/leave.png', NULL, 0, 1, 1, '', NULL);

-- ----------------------------
-- Table structure for act_ru_deadletter_job
-- ----------------------------
DROP TABLE IF EXISTS `act_ru_deadletter_job`;
CREATE TABLE `act_ru_deadletter_job`  (
  `ID_` varchar(64) CHARACTER SET utf8 COLLATE utf8_bin NOT NULL,
  `REV_` int NULL DEFAULT NULL,
  `TYPE_` varchar(255) CHARACTER SET utf8 COLLATE utf8_bin NOT NULL,
  `EXCLUSIVE_` tinyint(1) NULL DEFAULT NULL,
  `EXECUTION_ID_` varchar(64) CHARACTER SET utf8 COLLATE utf8_bin NULL DEFAULT NULL,
  `PROCESS_INSTANCE_ID_` varchar(64) CHARACTER SET utf8 COLLATE utf8_bin NULL DEFAULT NULL,
  `PROC_DEF_ID_` varchar(64) CHARACTER SET utf8 COLLATE utf8_bin NULL DEFAULT NULL,
  `EXCEPTION_STACK_ID_` varchar(64) CHARACTER SET utf8 COLLATE utf8_bin NULL DEFAULT NULL,
  `EXCEPTION_MSG_` varchar(4000) CHARACTER SET utf8 COLLATE utf8_bin NULL DEFAULT NULL,
  `DUEDATE_` timestamp(3) NULL DEFAULT NULL,
  `REPEAT_` varchar(255) CHARACTER SET utf8 COLLATE utf8_bin NULL DEFAULT NULL,
  `HANDLER_TYPE_` varchar(255) CHARACTER SET utf8 COLLATE utf8_bin NULL DEFAULT NULL,
  `HANDLER_CFG_` varchar(4000) CHARACTER SET utf8 COLLATE utf8_bin NULL DEFAULT NULL,
  `TENANT_ID_` varchar(255) CHARACTER SET utf8 COLLATE utf8_bin NULL DEFAULT '',
  PRIMARY KEY (`ID_`) USING BTREE,
  INDEX `ACT_FK_DEADLETTER_JOB_EXECUTION`(`EXECUTION_ID_`) USING BTREE,
  INDEX `ACT_FK_DEADLETTER_JOB_PROCESS_INSTANCE`(`PROCESS_INSTANCE_ID_`) USING BTREE,
  INDEX `ACT_FK_DEADLETTER_JOB_PROC_DEF`(`PROC_DEF_ID_`) USING BTREE,
  INDEX `ACT_FK_DEADLETTER_JOB_EXCEPTION`(`EXCEPTION_STACK_ID_`) USING BTREE,
  CONSTRAINT `ACT_FK_DEADLETTER_JOB_EXCEPTION` FOREIGN KEY (`EXCEPTION_STACK_ID_`) REFERENCES `act_ge_bytearray` (`ID_`) ON DELETE RESTRICT ON UPDATE RESTRICT,
  CONSTRAINT `ACT_FK_DEADLETTER_JOB_EXECUTION` FOREIGN KEY (`EXECUTION_ID_`) REFERENCES `act_ru_execution` (`ID_`) ON DELETE RESTRICT ON UPDATE RESTRICT,
  CONSTRAINT `ACT_FK_DEADLETTER_JOB_PROC_DEF` FOREIGN KEY (`PROC_DEF_ID_`) REFERENCES `act_re_procdef` (`ID_`) ON DELETE RESTRICT ON UPDATE RESTRICT,
  CONSTRAINT `ACT_FK_DEADLETTER_JOB_PROCESS_INSTANCE` FOREIGN KEY (`PROCESS_INSTANCE_ID_`) REFERENCES `act_ru_execution` (`ID_`) ON DELETE RESTRICT ON UPDATE RESTRICT
) ENGINE = InnoDB CHARACTER SET = utf8 COLLATE = utf8_bin ROW_FORMAT = Dynamic;

-- ----------------------------
-- Records of act_ru_deadletter_job
-- ----------------------------

-- ----------------------------
-- Table structure for act_ru_event_subscr
-- ----------------------------
DROP TABLE IF EXISTS `act_ru_event_subscr`;
CREATE TABLE `act_ru_event_subscr`  (
  `ID_` varchar(64) CHARACTER SET utf8 COLLATE utf8_bin NOT NULL,
  `REV_` int NULL DEFAULT NULL,
  `EVENT_TYPE_` varchar(255) CHARACTER SET utf8 COLLATE utf8_bin NOT NULL,
  `EVENT_NAME_` varchar(255) CHARACTER SET utf8 COLLATE utf8_bin NULL DEFAULT NULL,
  `EXECUTION_ID_` varchar(64) CHARACTER SET utf8 COLLATE utf8_bin NULL DEFAULT NULL,
  `PROC_INST_ID_` varchar(64) CHARACTER SET utf8 COLLATE utf8_bin NULL DEFAULT NULL,
  `ACTIVITY_ID_` varchar(64) CHARACTER SET utf8 COLLATE utf8_bin NULL DEFAULT NULL,
  `CONFIGURATION_` varchar(255) CHARACTER SET utf8 COLLATE utf8_bin NULL DEFAULT NULL,
  `CREATED_` timestamp(3) NOT NULL DEFAULT CURRENT_TIMESTAMP(3),
  `PROC_DEF_ID_` varchar(64) CHARACTER SET utf8 COLLATE utf8_bin NULL DEFAULT NULL,
  `TENANT_ID_` varchar(255) CHARACTER SET utf8 COLLATE utf8_bin NULL DEFAULT '',
  PRIMARY KEY (`ID_`) USING BTREE,
  INDEX `ACT_IDX_EVENT_SUBSCR_CONFIG_`(`CONFIGURATION_`) USING BTREE,
  INDEX `ACT_FK_EVENT_EXEC`(`EXECUTION_ID_`) USING BTREE,
  CONSTRAINT `ACT_FK_EVENT_EXEC` FOREIGN KEY (`EXECUTION_ID_`) REFERENCES `act_ru_execution` (`ID_`) ON DELETE RESTRICT ON UPDATE RESTRICT
) ENGINE = InnoDB CHARACTER SET = utf8 COLLATE = utf8_bin ROW_FORMAT = Dynamic;

-- ----------------------------
-- Records of act_ru_event_subscr
-- ----------------------------

-- ----------------------------
-- Table structure for act_ru_execution
-- ----------------------------
DROP TABLE IF EXISTS `act_ru_execution`;
CREATE TABLE `act_ru_execution`  (
  `ID_` varchar(64) CHARACTER SET utf8 COLLATE utf8_bin NOT NULL,
  `REV_` int NULL DEFAULT NULL,
  `PROC_INST_ID_` varchar(64) CHARACTER SET utf8 COLLATE utf8_bin NULL DEFAULT NULL,
  `BUSINESS_KEY_` varchar(255) CHARACTER SET utf8 COLLATE utf8_bin NULL DEFAULT NULL,
  `PARENT_ID_` varchar(64) CHARACTER SET utf8 COLLATE utf8_bin NULL DEFAULT NULL,
  `PROC_DEF_ID_` varchar(64) CHARACTER SET utf8 COLLATE utf8_bin NULL DEFAULT NULL,
  `SUPER_EXEC_` varchar(64) CHARACTER SET utf8 COLLATE utf8_bin NULL DEFAULT NULL,
  `ROOT_PROC_INST_ID_` varchar(64) CHARACTER SET utf8 COLLATE utf8_bin NULL DEFAULT NULL,
  `ACT_ID_` varchar(255) CHARACTER SET utf8 COLLATE utf8_bin NULL DEFAULT NULL,
  `IS_ACTIVE_` tinyint NULL DEFAULT NULL,
  `IS_CONCURRENT_` tinyint NULL DEFAULT NULL,
  `IS_SCOPE_` tinyint NULL DEFAULT NULL,
  `IS_EVENT_SCOPE_` tinyint NULL DEFAULT NULL,
  `IS_MI_ROOT_` tinyint NULL DEFAULT NULL,
  `SUSPENSION_STATE_` int NULL DEFAULT NULL,
  `CACHED_ENT_STATE_` int NULL DEFAULT NULL,
  `TENANT_ID_` varchar(255) CHARACTER SET utf8 COLLATE utf8_bin NULL DEFAULT '',
  `NAME_` varchar(255) CHARACTER SET utf8 COLLATE utf8_bin NULL DEFAULT NULL,
  `START_TIME_` datetime(3) NULL DEFAULT NULL,
  `START_USER_ID_` varchar(255) CHARACTER SET utf8 COLLATE utf8_bin NULL DEFAULT NULL,
  `LOCK_TIME_` timestamp(3) NULL DEFAULT NULL,
  `IS_COUNT_ENABLED_` tinyint NULL DEFAULT NULL,
  `EVT_SUBSCR_COUNT_` int NULL DEFAULT NULL,
  `TASK_COUNT_` int NULL DEFAULT NULL,
  `JOB_COUNT_` int NULL DEFAULT NULL,
  `TIMER_JOB_COUNT_` int NULL DEFAULT NULL,
  `SUSP_JOB_COUNT_` int NULL DEFAULT NULL,
  `DEADLETTER_JOB_COUNT_` int NULL DEFAULT NULL,
  `VAR_COUNT_` int NULL DEFAULT NULL,
  `ID_LINK_COUNT_` int NULL DEFAULT NULL,
  PRIMARY KEY (`ID_`) USING BTREE,
  INDEX `ACT_IDX_EXEC_BUSKEY`(`BUSINESS_KEY_`) USING BTREE,
  INDEX `ACT_IDC_EXEC_ROOT`(`ROOT_PROC_INST_ID_`) USING BTREE,
  INDEX `ACT_FK_EXE_PROCINST`(`PROC_INST_ID_`) USING BTREE,
  INDEX `ACT_FK_EXE_PARENT`(`PARENT_ID_`) USING BTREE,
  INDEX `ACT_FK_EXE_SUPER`(`SUPER_EXEC_`) USING BTREE,
  INDEX `ACT_FK_EXE_PROCDEF`(`PROC_DEF_ID_`) USING BTREE,
  CONSTRAINT `ACT_FK_EXE_PARENT` FOREIGN KEY (`PARENT_ID_`) REFERENCES `act_ru_execution` (`ID_`) ON DELETE CASCADE ON UPDATE RESTRICT,
  CONSTRAINT `ACT_FK_EXE_PROCDEF` FOREIGN KEY (`PROC_DEF_ID_`) REFERENCES `act_re_procdef` (`ID_`) ON DELETE RESTRICT ON UPDATE RESTRICT,
  CONSTRAINT `ACT_FK_EXE_PROCINST` FOREIGN KEY (`PROC_INST_ID_`) REFERENCES `act_ru_execution` (`ID_`) ON DELETE CASCADE ON UPDATE CASCADE,
  CONSTRAINT `ACT_FK_EXE_SUPER` FOREIGN KEY (`SUPER_EXEC_`) REFERENCES `act_ru_execution` (`ID_`) ON DELETE CASCADE ON UPDATE RESTRICT
) ENGINE = InnoDB CHARACTER SET = utf8 COLLATE = utf8_bin ROW_FORMAT = Dynamic;

-- ----------------------------
-- Records of act_ru_execution
-- ----------------------------
INSERT INTO `act_ru_execution` VALUES ('c05b8374-f2b4-11eb-be4d-00ff65f53676', 1, 'c05b8374-f2b4-11eb-be4d-00ff65f53676', '27', NULL, 'myProcess_1:1:c0f463d6-f296-11eb-983d-00ff65f53676', NULL, 'c05b8374-f2b4-11eb-be4d-00ff65f53676', NULL, 1, 0, 1, 0, 0, 1, NULL, '', NULL, '2021-08-01 18:39:30.019', NULL, NULL, 0, 0, 0, 0, 0, 0, 0, 0, 0);
INSERT INTO `act_ru_execution` VALUES ('c05b8375-f2b4-11eb-be4d-00ff65f53676', 2, 'c05b8374-f2b4-11eb-be4d-00ff65f53676', NULL, 'c05b8374-f2b4-11eb-be4d-00ff65f53676', 'myProcess_1:1:c0f463d6-f296-11eb-983d-00ff65f53676', NULL, 'c05b8374-f2b4-11eb-be4d-00ff65f53676', '_11', 1, 0, 0, 0, 0, 1, NULL, '', NULL, '2021-08-01 18:39:30.019', NULL, NULL, 0, 0, 0, 0, 0, 0, 0, 0, 0);
INSERT INTO `act_ru_execution` VALUES ('d7e706b1-f2bb-11eb-8e5c-00ff65f53676', 1, 'd7e706b1-f2bb-11eb-8e5c-00ff65f53676', '29', NULL, 'myProcess_1:1:c0f463d6-f296-11eb-983d-00ff65f53676', NULL, 'd7e706b1-f2bb-11eb-8e5c-00ff65f53676', NULL, 1, 0, 1, 0, 0, 1, NULL, '', NULL, '2021-08-01 19:30:15.997', NULL, NULL, 0, 0, 0, 0, 0, 0, 0, 0, 0);
INSERT INTO `act_ru_execution` VALUES ('d7e706b2-f2bb-11eb-8e5c-00ff65f53676', 2, 'd7e706b1-f2bb-11eb-8e5c-00ff65f53676', NULL, 'd7e706b1-f2bb-11eb-8e5c-00ff65f53676', 'myProcess_1:1:c0f463d6-f296-11eb-983d-00ff65f53676', NULL, 'd7e706b1-f2bb-11eb-8e5c-00ff65f53676', '_11', 1, 0, 0, 0, 0, 1, NULL, '', NULL, '2021-08-01 19:30:15.998', NULL, NULL, 0, 0, 0, 0, 0, 0, 0, 0, 0);
INSERT INTO `act_ru_execution` VALUES ('f1f2457a-f2b9-11eb-8e5c-00ff65f53676', 1, 'f1f2457a-f2b9-11eb-8e5c-00ff65f53676', '28', NULL, 'myProcess_1:1:c0f463d6-f296-11eb-983d-00ff65f53676', NULL, 'f1f2457a-f2b9-11eb-8e5c-00ff65f53676', NULL, 1, 0, 1, 0, 0, 1, NULL, '', NULL, '2021-08-01 19:16:40.699', NULL, NULL, 0, 0, 0, 0, 0, 0, 0, 0, 0);
INSERT INTO `act_ru_execution` VALUES ('f1f2e1bb-f2b9-11eb-8e5c-00ff65f53676', 2, 'f1f2457a-f2b9-11eb-8e5c-00ff65f53676', NULL, 'f1f2457a-f2b9-11eb-8e5c-00ff65f53676', 'myProcess_1:1:c0f463d6-f296-11eb-983d-00ff65f53676', NULL, 'f1f2457a-f2b9-11eb-8e5c-00ff65f53676', '_11', 1, 0, 0, 0, 0, 1, NULL, '', NULL, '2021-08-01 19:16:40.703', NULL, NULL, 0, 0, 0, 0, 0, 0, 0, 0, 0);

-- ----------------------------
-- Table structure for act_ru_identitylink
-- ----------------------------
DROP TABLE IF EXISTS `act_ru_identitylink`;
CREATE TABLE `act_ru_identitylink`  (
  `ID_` varchar(64) CHARACTER SET utf8 COLLATE utf8_bin NOT NULL,
  `REV_` int NULL DEFAULT NULL,
  `GROUP_ID_` varchar(255) CHARACTER SET utf8 COLLATE utf8_bin NULL DEFAULT NULL,
  `TYPE_` varchar(255) CHARACTER SET utf8 COLLATE utf8_bin NULL DEFAULT NULL,
  `USER_ID_` varchar(255) CHARACTER SET utf8 COLLATE utf8_bin NULL DEFAULT NULL,
  `TASK_ID_` varchar(64) CHARACTER SET utf8 COLLATE utf8_bin NULL DEFAULT NULL,
  `PROC_INST_ID_` varchar(64) CHARACTER SET utf8 COLLATE utf8_bin NULL DEFAULT NULL,
  `PROC_DEF_ID_` varchar(64) CHARACTER SET utf8 COLLATE utf8_bin NULL DEFAULT NULL,
  PRIMARY KEY (`ID_`) USING BTREE,
  INDEX `ACT_IDX_IDENT_LNK_USER`(`USER_ID_`) USING BTREE,
  INDEX `ACT_IDX_IDENT_LNK_GROUP`(`GROUP_ID_`) USING BTREE,
  INDEX `ACT_IDX_ATHRZ_PROCEDEF`(`PROC_DEF_ID_`) USING BTREE,
  INDEX `ACT_FK_TSKASS_TASK`(`TASK_ID_`) USING BTREE,
  INDEX `ACT_FK_IDL_PROCINST`(`PROC_INST_ID_`) USING BTREE,
  CONSTRAINT `ACT_FK_ATHRZ_PROCEDEF` FOREIGN KEY (`PROC_DEF_ID_`) REFERENCES `act_re_procdef` (`ID_`) ON DELETE RESTRICT ON UPDATE RESTRICT,
  CONSTRAINT `ACT_FK_IDL_PROCINST` FOREIGN KEY (`PROC_INST_ID_`) REFERENCES `act_ru_execution` (`ID_`) ON DELETE RESTRICT ON UPDATE RESTRICT,
  CONSTRAINT `ACT_FK_TSKASS_TASK` FOREIGN KEY (`TASK_ID_`) REFERENCES `act_ru_task` (`ID_`) ON DELETE RESTRICT ON UPDATE RESTRICT
) ENGINE = InnoDB CHARACTER SET = utf8 COLLATE = utf8_bin ROW_FORMAT = Dynamic;

-- ----------------------------
-- Records of act_ru_identitylink
-- ----------------------------
INSERT INTO `act_ru_identitylink` VALUES ('c5ecaf3b-f2b4-11eb-be4d-00ff65f53676', 1, NULL, 'candidate', 'jl', 'c5ea8c5a-f2b4-11eb-be4d-00ff65f53676', NULL, NULL);
INSERT INTO `act_ru_identitylink` VALUES ('c5ecd64c-f2b4-11eb-be4d-00ff65f53676', 1, NULL, 'participant', 'jl', NULL, 'c05b8374-f2b4-11eb-be4d-00ff65f53676', NULL);

-- ----------------------------
-- Table structure for act_ru_integration
-- ----------------------------
DROP TABLE IF EXISTS `act_ru_integration`;
CREATE TABLE `act_ru_integration`  (
  `ID_` varchar(64) CHARACTER SET utf8 COLLATE utf8_bin NOT NULL,
  `EXECUTION_ID_` varchar(64) CHARACTER SET utf8 COLLATE utf8_bin NULL DEFAULT NULL,
  `PROCESS_INSTANCE_ID_` varchar(64) CHARACTER SET utf8 COLLATE utf8_bin NULL DEFAULT NULL,
  `PROC_DEF_ID_` varchar(64) CHARACTER SET utf8 COLLATE utf8_bin NULL DEFAULT NULL,
  `FLOW_NODE_ID_` varchar(64) CHARACTER SET utf8 COLLATE utf8_bin NULL DEFAULT NULL,
  `CREATED_DATE_` timestamp(3) NULL DEFAULT NULL,
  PRIMARY KEY (`ID_`) USING BTREE,
  INDEX `ACT_FK_INT_EXECUTION`(`EXECUTION_ID_`) USING BTREE,
  INDEX `ACT_FK_INT_PROC_INST`(`PROCESS_INSTANCE_ID_`) USING BTREE,
  INDEX `ACT_FK_INT_PROC_DEF`(`PROC_DEF_ID_`) USING BTREE,
  CONSTRAINT `ACT_FK_INT_EXECUTION` FOREIGN KEY (`EXECUTION_ID_`) REFERENCES `act_ru_execution` (`ID_`) ON DELETE CASCADE ON UPDATE RESTRICT,
  CONSTRAINT `ACT_FK_INT_PROC_DEF` FOREIGN KEY (`PROC_DEF_ID_`) REFERENCES `act_re_procdef` (`ID_`) ON DELETE RESTRICT ON UPDATE RESTRICT,
  CONSTRAINT `ACT_FK_INT_PROC_INST` FOREIGN KEY (`PROCESS_INSTANCE_ID_`) REFERENCES `act_ru_execution` (`ID_`) ON DELETE RESTRICT ON UPDATE RESTRICT
) ENGINE = InnoDB CHARACTER SET = utf8 COLLATE = utf8_bin ROW_FORMAT = Dynamic;

-- ----------------------------
-- Records of act_ru_integration
-- ----------------------------

-- ----------------------------
-- Table structure for act_ru_job
-- ----------------------------
DROP TABLE IF EXISTS `act_ru_job`;
CREATE TABLE `act_ru_job`  (
  `ID_` varchar(64) CHARACTER SET utf8 COLLATE utf8_bin NOT NULL,
  `REV_` int NULL DEFAULT NULL,
  `TYPE_` varchar(255) CHARACTER SET utf8 COLLATE utf8_bin NOT NULL,
  `LOCK_EXP_TIME_` timestamp(3) NULL DEFAULT NULL,
  `LOCK_OWNER_` varchar(255) CHARACTER SET utf8 COLLATE utf8_bin NULL DEFAULT NULL,
  `EXCLUSIVE_` tinyint(1) NULL DEFAULT NULL,
  `EXECUTION_ID_` varchar(64) CHARACTER SET utf8 COLLATE utf8_bin NULL DEFAULT NULL,
  `PROCESS_INSTANCE_ID_` varchar(64) CHARACTER SET utf8 COLLATE utf8_bin NULL DEFAULT NULL,
  `PROC_DEF_ID_` varchar(64) CHARACTER SET utf8 COLLATE utf8_bin NULL DEFAULT NULL,
  `RETRIES_` int NULL DEFAULT NULL,
  `EXCEPTION_STACK_ID_` varchar(64) CHARACTER SET utf8 COLLATE utf8_bin NULL DEFAULT NULL,
  `EXCEPTION_MSG_` varchar(4000) CHARACTER SET utf8 COLLATE utf8_bin NULL DEFAULT NULL,
  `DUEDATE_` timestamp(3) NULL DEFAULT NULL,
  `REPEAT_` varchar(255) CHARACTER SET utf8 COLLATE utf8_bin NULL DEFAULT NULL,
  `HANDLER_TYPE_` varchar(255) CHARACTER SET utf8 COLLATE utf8_bin NULL DEFAULT NULL,
  `HANDLER_CFG_` varchar(4000) CHARACTER SET utf8 COLLATE utf8_bin NULL DEFAULT NULL,
  `TENANT_ID_` varchar(255) CHARACTER SET utf8 COLLATE utf8_bin NULL DEFAULT '',
  PRIMARY KEY (`ID_`) USING BTREE,
  INDEX `ACT_FK_JOB_EXECUTION`(`EXECUTION_ID_`) USING BTREE,
  INDEX `ACT_FK_JOB_PROCESS_INSTANCE`(`PROCESS_INSTANCE_ID_`) USING BTREE,
  INDEX `ACT_FK_JOB_PROC_DEF`(`PROC_DEF_ID_`) USING BTREE,
  INDEX `ACT_FK_JOB_EXCEPTION`(`EXCEPTION_STACK_ID_`) USING BTREE,
  CONSTRAINT `ACT_FK_JOB_EXCEPTION` FOREIGN KEY (`EXCEPTION_STACK_ID_`) REFERENCES `act_ge_bytearray` (`ID_`) ON DELETE RESTRICT ON UPDATE RESTRICT,
  CONSTRAINT `ACT_FK_JOB_EXECUTION` FOREIGN KEY (`EXECUTION_ID_`) REFERENCES `act_ru_execution` (`ID_`) ON DELETE RESTRICT ON UPDATE RESTRICT,
  CONSTRAINT `ACT_FK_JOB_PROC_DEF` FOREIGN KEY (`PROC_DEF_ID_`) REFERENCES `act_re_procdef` (`ID_`) ON DELETE RESTRICT ON UPDATE RESTRICT,
  CONSTRAINT `ACT_FK_JOB_PROCESS_INSTANCE` FOREIGN KEY (`PROCESS_INSTANCE_ID_`) REFERENCES `act_ru_execution` (`ID_`) ON DELETE RESTRICT ON UPDATE RESTRICT
) ENGINE = InnoDB CHARACTER SET = utf8 COLLATE = utf8_bin ROW_FORMAT = Dynamic;

-- ----------------------------
-- Records of act_ru_job
-- ----------------------------

-- ----------------------------
-- Table structure for act_ru_suspended_job
-- ----------------------------
DROP TABLE IF EXISTS `act_ru_suspended_job`;
CREATE TABLE `act_ru_suspended_job`  (
  `ID_` varchar(64) CHARACTER SET utf8 COLLATE utf8_bin NOT NULL,
  `REV_` int NULL DEFAULT NULL,
  `TYPE_` varchar(255) CHARACTER SET utf8 COLLATE utf8_bin NOT NULL,
  `EXCLUSIVE_` tinyint(1) NULL DEFAULT NULL,
  `EXECUTION_ID_` varchar(64) CHARACTER SET utf8 COLLATE utf8_bin NULL DEFAULT NULL,
  `PROCESS_INSTANCE_ID_` varchar(64) CHARACTER SET utf8 COLLATE utf8_bin NULL DEFAULT NULL,
  `PROC_DEF_ID_` varchar(64) CHARACTER SET utf8 COLLATE utf8_bin NULL DEFAULT NULL,
  `RETRIES_` int NULL DEFAULT NULL,
  `EXCEPTION_STACK_ID_` varchar(64) CHARACTER SET utf8 COLLATE utf8_bin NULL DEFAULT NULL,
  `EXCEPTION_MSG_` varchar(4000) CHARACTER SET utf8 COLLATE utf8_bin NULL DEFAULT NULL,
  `DUEDATE_` timestamp(3) NULL DEFAULT NULL,
  `REPEAT_` varchar(255) CHARACTER SET utf8 COLLATE utf8_bin NULL DEFAULT NULL,
  `HANDLER_TYPE_` varchar(255) CHARACTER SET utf8 COLLATE utf8_bin NULL DEFAULT NULL,
  `HANDLER_CFG_` varchar(4000) CHARACTER SET utf8 COLLATE utf8_bin NULL DEFAULT NULL,
  `TENANT_ID_` varchar(255) CHARACTER SET utf8 COLLATE utf8_bin NULL DEFAULT '',
  PRIMARY KEY (`ID_`) USING BTREE,
  INDEX `ACT_FK_SUSPENDED_JOB_EXECUTION`(`EXECUTION_ID_`) USING BTREE,
  INDEX `ACT_FK_SUSPENDED_JOB_PROCESS_INSTANCE`(`PROCESS_INSTANCE_ID_`) USING BTREE,
  INDEX `ACT_FK_SUSPENDED_JOB_PROC_DEF`(`PROC_DEF_ID_`) USING BTREE,
  INDEX `ACT_FK_SUSPENDED_JOB_EXCEPTION`(`EXCEPTION_STACK_ID_`) USING BTREE,
  CONSTRAINT `ACT_FK_SUSPENDED_JOB_EXCEPTION` FOREIGN KEY (`EXCEPTION_STACK_ID_`) REFERENCES `act_ge_bytearray` (`ID_`) ON DELETE RESTRICT ON UPDATE RESTRICT,
  CONSTRAINT `ACT_FK_SUSPENDED_JOB_EXECUTION` FOREIGN KEY (`EXECUTION_ID_`) REFERENCES `act_ru_execution` (`ID_`) ON DELETE RESTRICT ON UPDATE RESTRICT,
  CONSTRAINT `ACT_FK_SUSPENDED_JOB_PROC_DEF` FOREIGN KEY (`PROC_DEF_ID_`) REFERENCES `act_re_procdef` (`ID_`) ON DELETE RESTRICT ON UPDATE RESTRICT,
  CONSTRAINT `ACT_FK_SUSPENDED_JOB_PROCESS_INSTANCE` FOREIGN KEY (`PROCESS_INSTANCE_ID_`) REFERENCES `act_ru_execution` (`ID_`) ON DELETE RESTRICT ON UPDATE RESTRICT
) ENGINE = InnoDB CHARACTER SET = utf8 COLLATE = utf8_bin ROW_FORMAT = Dynamic;

-- ----------------------------
-- Records of act_ru_suspended_job
-- ----------------------------

-- ----------------------------
-- Table structure for act_ru_task
-- ----------------------------
DROP TABLE IF EXISTS `act_ru_task`;
CREATE TABLE `act_ru_task`  (
  `ID_` varchar(64) CHARACTER SET utf8 COLLATE utf8_bin NOT NULL,
  `REV_` int NULL DEFAULT NULL,
  `EXECUTION_ID_` varchar(64) CHARACTER SET utf8 COLLATE utf8_bin NULL DEFAULT NULL,
  `PROC_INST_ID_` varchar(64) CHARACTER SET utf8 COLLATE utf8_bin NULL DEFAULT NULL,
  `PROC_DEF_ID_` varchar(64) CHARACTER SET utf8 COLLATE utf8_bin NULL DEFAULT NULL,
  `NAME_` varchar(255) CHARACTER SET utf8 COLLATE utf8_bin NULL DEFAULT NULL,
  `PARENT_TASK_ID_` varchar(64) CHARACTER SET utf8 COLLATE utf8_bin NULL DEFAULT NULL,
  `DESCRIPTION_` varchar(4000) CHARACTER SET utf8 COLLATE utf8_bin NULL DEFAULT NULL,
  `TASK_DEF_KEY_` varchar(255) CHARACTER SET utf8 COLLATE utf8_bin NULL DEFAULT NULL,
  `OWNER_` varchar(255) CHARACTER SET utf8 COLLATE utf8_bin NULL DEFAULT NULL,
  `ASSIGNEE_` varchar(255) CHARACTER SET utf8 COLLATE utf8_bin NULL DEFAULT NULL,
  `DELEGATION_` varchar(64) CHARACTER SET utf8 COLLATE utf8_bin NULL DEFAULT NULL,
  `PRIORITY_` int NULL DEFAULT NULL,
  `CREATE_TIME_` timestamp(3) NULL DEFAULT NULL,
  `DUE_DATE_` datetime(3) NULL DEFAULT NULL,
  `CATEGORY_` varchar(255) CHARACTER SET utf8 COLLATE utf8_bin NULL DEFAULT NULL,
  `SUSPENSION_STATE_` int NULL DEFAULT NULL,
  `TENANT_ID_` varchar(255) CHARACTER SET utf8 COLLATE utf8_bin NULL DEFAULT '',
  `FORM_KEY_` varchar(255) CHARACTER SET utf8 COLLATE utf8_bin NULL DEFAULT NULL,
  `CLAIM_TIME_` datetime(3) NULL DEFAULT NULL,
  PRIMARY KEY (`ID_`) USING BTREE,
  INDEX `ACT_IDX_TASK_CREATE`(`CREATE_TIME_`) USING BTREE,
  INDEX `ACT_FK_TASK_EXE`(`EXECUTION_ID_`) USING BTREE,
  INDEX `ACT_FK_TASK_PROCINST`(`PROC_INST_ID_`) USING BTREE,
  INDEX `ACT_FK_TASK_PROCDEF`(`PROC_DEF_ID_`) USING BTREE,
  CONSTRAINT `ACT_FK_TASK_EXE` FOREIGN KEY (`EXECUTION_ID_`) REFERENCES `act_ru_execution` (`ID_`) ON DELETE RESTRICT ON UPDATE RESTRICT,
  CONSTRAINT `ACT_FK_TASK_PROCDEF` FOREIGN KEY (`PROC_DEF_ID_`) REFERENCES `act_re_procdef` (`ID_`) ON DELETE RESTRICT ON UPDATE RESTRICT,
  CONSTRAINT `ACT_FK_TASK_PROCINST` FOREIGN KEY (`PROC_INST_ID_`) REFERENCES `act_ru_execution` (`ID_`) ON DELETE RESTRICT ON UPDATE RESTRICT
) ENGINE = InnoDB CHARACTER SET = utf8 COLLATE = utf8_bin ROW_FORMAT = Dynamic;

-- ----------------------------
-- Records of act_ru_task
-- ----------------------------
INSERT INTO `act_ru_task` VALUES ('c5ea8c5a-f2b4-11eb-be4d-00ff65f53676', 1, 'c05b8375-f2b4-11eb-be4d-00ff65f53676', 'c05b8374-f2b4-11eb-be4d-00ff65f53676', 'myProcess_1:1:c0f463d6-f296-11eb-983d-00ff65f53676', '组长审批', NULL, NULL, '_11', NULL, NULL, NULL, 50, '2021-08-01 18:39:39.345', NULL, NULL, 1, '', NULL, NULL);
INSERT INTO `act_ru_task` VALUES ('d7eb2567-f2bb-11eb-8e5c-00ff65f53676', 1, 'd7e706b2-f2bb-11eb-8e5c-00ff65f53676', 'd7e706b1-f2bb-11eb-8e5c-00ff65f53676', 'myProcess_1:1:c0f463d6-f296-11eb-983d-00ff65f53676', '组长审批', NULL, NULL, '_11', NULL, 'admin', NULL, 50, '2021-08-01 19:30:16.025', NULL, NULL, 1, '', NULL, NULL);
INSERT INTO `act_ru_task` VALUES ('f1fe5370-f2b9-11eb-8e5c-00ff65f53676', 1, 'f1f2e1bb-f2b9-11eb-8e5c-00ff65f53676', 'f1f2457a-f2b9-11eb-8e5c-00ff65f53676', 'myProcess_1:1:c0f463d6-f296-11eb-983d-00ff65f53676', '组长审批', NULL, NULL, '_11', NULL, 'admin', NULL, 50, '2021-08-01 19:16:40.778', NULL, NULL, 1, '', NULL, NULL);

-- ----------------------------
-- Table structure for act_ru_timer_job
-- ----------------------------
DROP TABLE IF EXISTS `act_ru_timer_job`;
CREATE TABLE `act_ru_timer_job`  (
  `ID_` varchar(64) CHARACTER SET utf8 COLLATE utf8_bin NOT NULL,
  `REV_` int NULL DEFAULT NULL,
  `TYPE_` varchar(255) CHARACTER SET utf8 COLLATE utf8_bin NOT NULL,
  `LOCK_EXP_TIME_` timestamp(3) NULL DEFAULT NULL,
  `LOCK_OWNER_` varchar(255) CHARACTER SET utf8 COLLATE utf8_bin NULL DEFAULT NULL,
  `EXCLUSIVE_` tinyint(1) NULL DEFAULT NULL,
  `EXECUTION_ID_` varchar(64) CHARACTER SET utf8 COLLATE utf8_bin NULL DEFAULT NULL,
  `PROCESS_INSTANCE_ID_` varchar(64) CHARACTER SET utf8 COLLATE utf8_bin NULL DEFAULT NULL,
  `PROC_DEF_ID_` varchar(64) CHARACTER SET utf8 COLLATE utf8_bin NULL DEFAULT NULL,
  `RETRIES_` int NULL DEFAULT NULL,
  `EXCEPTION_STACK_ID_` varchar(64) CHARACTER SET utf8 COLLATE utf8_bin NULL DEFAULT NULL,
  `EXCEPTION_MSG_` varchar(4000) CHARACTER SET utf8 COLLATE utf8_bin NULL DEFAULT NULL,
  `DUEDATE_` timestamp(3) NULL DEFAULT NULL,
  `REPEAT_` varchar(255) CHARACTER SET utf8 COLLATE utf8_bin NULL DEFAULT NULL,
  `HANDLER_TYPE_` varchar(255) CHARACTER SET utf8 COLLATE utf8_bin NULL DEFAULT NULL,
  `HANDLER_CFG_` varchar(4000) CHARACTER SET utf8 COLLATE utf8_bin NULL DEFAULT NULL,
  `TENANT_ID_` varchar(255) CHARACTER SET utf8 COLLATE utf8_bin NULL DEFAULT '',
  PRIMARY KEY (`ID_`) USING BTREE,
  INDEX `ACT_FK_TIMER_JOB_EXECUTION`(`EXECUTION_ID_`) USING BTREE,
  INDEX `ACT_FK_TIMER_JOB_PROCESS_INSTANCE`(`PROCESS_INSTANCE_ID_`) USING BTREE,
  INDEX `ACT_FK_TIMER_JOB_PROC_DEF`(`PROC_DEF_ID_`) USING BTREE,
  INDEX `ACT_FK_TIMER_JOB_EXCEPTION`(`EXCEPTION_STACK_ID_`) USING BTREE,
  CONSTRAINT `ACT_FK_TIMER_JOB_EXCEPTION` FOREIGN KEY (`EXCEPTION_STACK_ID_`) REFERENCES `act_ge_bytearray` (`ID_`) ON DELETE RESTRICT ON UPDATE RESTRICT,
  CONSTRAINT `ACT_FK_TIMER_JOB_EXECUTION` FOREIGN KEY (`EXECUTION_ID_`) REFERENCES `act_ru_execution` (`ID_`) ON DELETE RESTRICT ON UPDATE RESTRICT,
  CONSTRAINT `ACT_FK_TIMER_JOB_PROC_DEF` FOREIGN KEY (`PROC_DEF_ID_`) REFERENCES `act_re_procdef` (`ID_`) ON DELETE RESTRICT ON UPDATE RESTRICT,
  CONSTRAINT `ACT_FK_TIMER_JOB_PROCESS_INSTANCE` FOREIGN KEY (`PROCESS_INSTANCE_ID_`) REFERENCES `act_ru_execution` (`ID_`) ON DELETE RESTRICT ON UPDATE RESTRICT
) ENGINE = InnoDB CHARACTER SET = utf8 COLLATE = utf8_bin ROW_FORMAT = Dynamic;

-- ----------------------------
-- Records of act_ru_timer_job
-- ----------------------------

-- ----------------------------
-- Table structure for act_ru_variable
-- ----------------------------
DROP TABLE IF EXISTS `act_ru_variable`;
CREATE TABLE `act_ru_variable`  (
  `ID_` varchar(64) CHARACTER SET utf8 COLLATE utf8_bin NOT NULL,
  `REV_` int NULL DEFAULT NULL,
  `TYPE_` varchar(255) CHARACTER SET utf8 COLLATE utf8_bin NOT NULL,
  `NAME_` varchar(255) CHARACTER SET utf8 COLLATE utf8_bin NOT NULL,
  `EXECUTION_ID_` varchar(64) CHARACTER SET utf8 COLLATE utf8_bin NULL DEFAULT NULL,
  `PROC_INST_ID_` varchar(64) CHARACTER SET utf8 COLLATE utf8_bin NULL DEFAULT NULL,
  `TASK_ID_` varchar(64) CHARACTER SET utf8 COLLATE utf8_bin NULL DEFAULT NULL,
  `BYTEARRAY_ID_` varchar(64) CHARACTER SET utf8 COLLATE utf8_bin NULL DEFAULT NULL,
  `DOUBLE_` double NULL DEFAULT NULL,
  `LONG_` bigint NULL DEFAULT NULL,
  `TEXT_` varchar(4000) CHARACTER SET utf8 COLLATE utf8_bin NULL DEFAULT NULL,
  `TEXT2_` varchar(4000) CHARACTER SET utf8 COLLATE utf8_bin NULL DEFAULT NULL,
  PRIMARY KEY (`ID_`) USING BTREE,
  INDEX `ACT_IDX_VARIABLE_TASK_ID`(`TASK_ID_`) USING BTREE,
  INDEX `ACT_FK_VAR_EXE`(`EXECUTION_ID_`) USING BTREE,
  INDEX `ACT_FK_VAR_PROCINST`(`PROC_INST_ID_`) USING BTREE,
  INDEX `ACT_FK_VAR_BYTEARRAY`(`BYTEARRAY_ID_`) USING BTREE,
  CONSTRAINT `ACT_FK_VAR_BYTEARRAY` FOREIGN KEY (`BYTEARRAY_ID_`) REFERENCES `act_ge_bytearray` (`ID_`) ON DELETE RESTRICT ON UPDATE RESTRICT,
  CONSTRAINT `ACT_FK_VAR_EXE` FOREIGN KEY (`EXECUTION_ID_`) REFERENCES `act_ru_execution` (`ID_`) ON DELETE RESTRICT ON UPDATE RESTRICT,
  CONSTRAINT `ACT_FK_VAR_PROCINST` FOREIGN KEY (`PROC_INST_ID_`) REFERENCES `act_ru_execution` (`ID_`) ON DELETE RESTRICT ON UPDATE RESTRICT
) ENGINE = InnoDB CHARACTER SET = utf8 COLLATE = utf8_bin ROW_FORMAT = Dynamic;

-- ----------------------------
-- Records of act_ru_variable
-- ----------------------------

-- ----------------------------
-- Table structure for leave_bill
-- ----------------------------
DROP TABLE IF EXISTS `leave_bill`;
CREATE TABLE `leave_bill`  (
  `id` int NOT NULL AUTO_INCREMENT COMMENT '主键',
  `user_id` int NULL DEFAULT NULL COMMENT '用户id',
  `reason` varchar(500) CHARACTER SET utf8 COLLATE utf8_general_ci NULL DEFAULT NULL COMMENT '请假原因',
  `start_date` date NULL DEFAULT NULL COMMENT '开始时间',
  `end_date` date NULL DEFAULT NULL COMMENT '结束时间',
  `advise` varchar(20) CHARACTER SET utf8 COLLATE utf8_general_ci NULL DEFAULT NULL COMMENT '审批意见',
  `status` char(1) CHARACTER SET utf8 COLLATE utf8_general_ci NULL DEFAULT NULL COMMENT '请假状态(0待审核-1驳回-2不通过1通过)',
  `create_time` timestamp(0) NULL DEFAULT CURRENT_TIMESTAMP(0) COMMENT '创建时间',
  `update_time` timestamp(0) NULL DEFAULT CURRENT_TIMESTAMP(0) ON UPDATE CURRENT_TIMESTAMP(0) COMMENT '更新时间',
  `del_flag` int NULL DEFAULT 0 COMMENT '是否删除,1已删0未删',
  `tenant_id` int NULL DEFAULT 1 COMMENT '租户id',
  PRIMARY KEY (`id`) USING BTREE
) ENGINE = InnoDB AUTO_INCREMENT = 27 CHARACTER SET = utf8 COLLATE = utf8_general_ci COMMENT = '请假单' ROW_FORMAT = Dynamic;

-- ----------------------------
-- Records of leave_bill
-- ----------------------------
INSERT INTO `leave_bill` VALUES (25, 9, '家里有事', '2021-07-01', '2021-07-12', NULL, '0', '2021-08-01 15:30:38', '2021-08-01 15:30:38', 0, 1);
INSERT INTO `leave_bill` VALUES (27, 9, '是掉分胜多负少的', '2021-08-02', '2021-08-18', NULL, '0', '2021-08-01 18:39:28', '2021-08-01 18:39:28', 0, 1);

-- ----------------------------
-- Table structure for qrtz_blob_triggers
-- ----------------------------
DROP TABLE IF EXISTS `qrtz_blob_triggers`;
CREATE TABLE `qrtz_blob_triggers`  (
  `SCHED_NAME` varchar(120) CHARACTER SET utf8mb4 COLLATE utf8mb4_0900_ai_ci NOT NULL,
  `TRIGGER_NAME` varchar(200) CHARACTER SET utf8mb4 COLLATE utf8mb4_0900_ai_ci NOT NULL,
  `TRIGGER_GROUP` varchar(200) CHARACTER SET utf8mb4 COLLATE utf8mb4_0900_ai_ci NOT NULL,
  `BLOB_DATA` blob NULL,
  PRIMARY KEY (`SCHED_NAME`, `TRIGGER_NAME`, `TRIGGER_GROUP`) USING BTREE,
  CONSTRAINT `qrtz_blob_triggers_ibfk_1` FOREIGN KEY (`SCHED_NAME`, `TRIGGER_NAME`, `TRIGGER_GROUP`) REFERENCES `qrtz_triggers` (`SCHED_NAME`, `TRIGGER_NAME`, `TRIGGER_GROUP`) ON DELETE RESTRICT ON UPDATE RESTRICT
) ENGINE = InnoDB CHARACTER SET = utf8mb4 COLLATE = utf8mb4_0900_ai_ci ROW_FORMAT = Dynamic;

-- ----------------------------
-- Records of qrtz_blob_triggers
-- ----------------------------

-- ----------------------------
-- Table structure for qrtz_calendars
-- ----------------------------
DROP TABLE IF EXISTS `qrtz_calendars`;
CREATE TABLE `qrtz_calendars`  (
  `SCHED_NAME` varchar(120) CHARACTER SET utf8mb4 COLLATE utf8mb4_0900_ai_ci NOT NULL,
  `CALENDAR_NAME` varchar(200) CHARACTER SET utf8mb4 COLLATE utf8mb4_0900_ai_ci NOT NULL,
  `CALENDAR` blob NOT NULL,
  PRIMARY KEY (`SCHED_NAME`, `CALENDAR_NAME`) USING BTREE
) ENGINE = InnoDB CHARACTER SET = utf8mb4 COLLATE = utf8mb4_0900_ai_ci ROW_FORMAT = Dynamic;

-- ----------------------------
-- Records of qrtz_calendars
-- ----------------------------

-- ----------------------------
-- Table structure for qrtz_cron_triggers
-- ----------------------------
DROP TABLE IF EXISTS `qrtz_cron_triggers`;
CREATE TABLE `qrtz_cron_triggers`  (
  `SCHED_NAME` varchar(120) CHARACTER SET utf8mb4 COLLATE utf8mb4_0900_ai_ci NOT NULL,
  `TRIGGER_NAME` varchar(200) CHARACTER SET utf8mb4 COLLATE utf8mb4_0900_ai_ci NOT NULL,
  `TRIGGER_GROUP` varchar(200) CHARACTER SET utf8mb4 COLLATE utf8mb4_0900_ai_ci NOT NULL,
  `CRON_EXPRESSION` varchar(200) CHARACTER SET utf8mb4 COLLATE utf8mb4_0900_ai_ci NOT NULL,
  `TIME_ZONE_ID` varchar(80) CHARACTER SET utf8mb4 COLLATE utf8mb4_0900_ai_ci NULL DEFAULT NULL,
  PRIMARY KEY (`SCHED_NAME`, `TRIGGER_NAME`, `TRIGGER_GROUP`) USING BTREE,
  CONSTRAINT `qrtz_cron_triggers_ibfk_1` FOREIGN KEY (`SCHED_NAME`, `TRIGGER_NAME`, `TRIGGER_GROUP`) REFERENCES `qrtz_triggers` (`SCHED_NAME`, `TRIGGER_NAME`, `TRIGGER_GROUP`) ON DELETE RESTRICT ON UPDATE RESTRICT
) ENGINE = InnoDB CHARACTER SET = utf8mb4 COLLATE = utf8mb4_0900_ai_ci ROW_FORMAT = Dynamic;

-- ----------------------------
-- Records of qrtz_cron_triggers
-- ----------------------------
INSERT INTO `qrtz_cron_triggers` VALUES ('adminQuartzScheduler', 'myTest', 'DEFAULT', '0/5 * * * * ?', 'Asia/Shanghai');
INSERT INTO `qrtz_cron_triggers` VALUES ('adminQuartzScheduler', '我的任务', 'DEFAULT', '0/2 * * * * ?', 'Asia/Shanghai');

-- ----------------------------
-- Table structure for qrtz_fired_triggers
-- ----------------------------
DROP TABLE IF EXISTS `qrtz_fired_triggers`;
CREATE TABLE `qrtz_fired_triggers`  (
  `SCHED_NAME` varchar(120) CHARACTER SET utf8mb4 COLLATE utf8mb4_0900_ai_ci NOT NULL,
  `ENTRY_ID` varchar(95) CHARACTER SET utf8mb4 COLLATE utf8mb4_0900_ai_ci NOT NULL,
  `TRIGGER_NAME` varchar(200) CHARACTER SET utf8mb4 COLLATE utf8mb4_0900_ai_ci NOT NULL,
  `TRIGGER_GROUP` varchar(200) CHARACTER SET utf8mb4 COLLATE utf8mb4_0900_ai_ci NOT NULL,
  `INSTANCE_NAME` varchar(200) CHARACTER SET utf8mb4 COLLATE utf8mb4_0900_ai_ci NOT NULL,
  `FIRED_TIME` bigint NOT NULL,
  `SCHED_TIME` bigint NOT NULL,
  `PRIORITY` int NOT NULL,
  `STATE` varchar(16) CHARACTER SET utf8mb4 COLLATE utf8mb4_0900_ai_ci NOT NULL,
  `JOB_NAME` varchar(200) CHARACTER SET utf8mb4 COLLATE utf8mb4_0900_ai_ci NULL DEFAULT NULL,
  `JOB_GROUP` varchar(200) CHARACTER SET utf8mb4 COLLATE utf8mb4_0900_ai_ci NULL DEFAULT NULL,
  `IS_NONCONCURRENT` varchar(1) CHARACTER SET utf8mb4 COLLATE utf8mb4_0900_ai_ci NULL DEFAULT NULL,
  `REQUESTS_RECOVERY` varchar(1) CHARACTER SET utf8mb4 COLLATE utf8mb4_0900_ai_ci NULL DEFAULT NULL,
  PRIMARY KEY (`SCHED_NAME`, `ENTRY_ID`) USING BTREE
) ENGINE = InnoDB CHARACTER SET = utf8mb4 COLLATE = utf8mb4_0900_ai_ci ROW_FORMAT = Dynamic;

-- ----------------------------
-- Records of qrtz_fired_triggers
-- ----------------------------

-- ----------------------------
-- Table structure for qrtz_job_details
-- ----------------------------
DROP TABLE IF EXISTS `qrtz_job_details`;
CREATE TABLE `qrtz_job_details`  (
  `SCHED_NAME` varchar(120) CHARACTER SET utf8mb4 COLLATE utf8mb4_0900_ai_ci NOT NULL,
  `JOB_NAME` varchar(200) CHARACTER SET utf8mb4 COLLATE utf8mb4_0900_ai_ci NOT NULL,
  `JOB_GROUP` varchar(200) CHARACTER SET utf8mb4 COLLATE utf8mb4_0900_ai_ci NOT NULL,
  `DESCRIPTION` varchar(250) CHARACTER SET utf8mb4 COLLATE utf8mb4_0900_ai_ci NULL DEFAULT NULL,
  `JOB_CLASS_NAME` varchar(250) CHARACTER SET utf8mb4 COLLATE utf8mb4_0900_ai_ci NOT NULL,
  `IS_DURABLE` varchar(1) CHARACTER SET utf8mb4 COLLATE utf8mb4_0900_ai_ci NOT NULL,
  `IS_NONCONCURRENT` varchar(1) CHARACTER SET utf8mb4 COLLATE utf8mb4_0900_ai_ci NOT NULL,
  `IS_UPDATE_DATA` varchar(1) CHARACTER SET utf8mb4 COLLATE utf8mb4_0900_ai_ci NOT NULL,
  `REQUESTS_RECOVERY` varchar(1) CHARACTER SET utf8mb4 COLLATE utf8mb4_0900_ai_ci NOT NULL,
  `JOB_DATA` blob NULL,
  PRIMARY KEY (`SCHED_NAME`, `JOB_NAME`, `JOB_GROUP`) USING BTREE
) ENGINE = InnoDB CHARACTER SET = utf8mb4 COLLATE = utf8mb4_0900_ai_ci ROW_FORMAT = Dynamic;

-- ----------------------------
-- Records of qrtz_job_details
-- ----------------------------
INSERT INTO `qrtz_job_details` VALUES ('adminQuartzScheduler', 'myTest', 'DEFAULT', 'myTest描述222', 'com.lvcoding.job.SpringBeanJob', '1', '0', '0', '0', 0xACED0005737200156F72672E71756172747A2E4A6F62446174614D61709FB083E8BFA9B0CB020000787200266F72672E71756172747A2E7574696C732E537472696E674B65794469727479466C61674D61708208E8C3FBC55D280200015A0013616C6C6F77735472616E7369656E74446174617872001D6F72672E71756172747A2E7574696C732E4469727479466C61674D617013E62EAD28760ACE0200025A000564697274794C00036D617074000F4C6A6176612F7574696C2F4D61703B787001737200116A6176612E7574696C2E486173684D61700507DAC1C31660D103000246000A6C6F6164466163746F724900097468726573686F6C6478703F4000000000000C7708000000100000000174000C4A4F425F444154415F4B45597372001A636F6D2E6C76636F64696E672E656E746974792E5379734A6F620CEB9C3BC2EABAC00200094C00086265616E4E616D657400124C6A6176612F6C616E672F537472696E673B4C000A63726561746554696D657400104C6A6176612F7574696C2F446174653B4C000463726F6E71007E00094C000B6465736372697074696F6E71007E00094C000269647400134C6A6176612F6C616E672F496E74656765723B4C00076A6F624E616D6571007E00094C000A6D6574686F644E616D6571007E00094C000673746174757371007E00094C000A75706461746554696D6571007E000A78707400086D795765624A6F627372000E6A6176612E7574696C2E44617465686A81014B59741903000078707708000001771E9577C07874000D302F35202A202A202A202A203F74000F6D7954657374E68F8FE8BFB0323232737200116A6176612E6C616E672E496E746567657212E2A0A4F781873802000149000576616C7565787200106A6176612E6C616E672E4E756D62657286AC951D0B94E08B0200007870000000117400066D795465737474000474657374740001317371007E000E7708000001771F203B30787800);
INSERT INTO `qrtz_job_details` VALUES ('adminQuartzScheduler', '我的任务', 'DEFAULT', '我的新任务', 'com.lvcoding.job.SpringBeanJob', '1', '0', '0', '0', 0xACED0005737200156F72672E71756172747A2E4A6F62446174614D61709FB083E8BFA9B0CB020000787200266F72672E71756172747A2E7574696C732E537472696E674B65794469727479466C61674D61708208E8C3FBC55D280200015A0013616C6C6F77735472616E7369656E74446174617872001D6F72672E71756172747A2E7574696C732E4469727479466C61674D617013E62EAD28760ACE0200025A000564697274794C00036D617074000F4C6A6176612F7574696C2F4D61703B787001737200116A6176612E7574696C2E486173684D61700507DAC1C31660D103000246000A6C6F6164466163746F724900097468726573686F6C6478703F4000000000000C7708000000100000000174000C4A4F425F444154415F4B45597372001A636F6D2E6C76636F64696E672E656E746974792E5379734A6F620CEB9C3BC2EABAC00200094C00086265616E4E616D657400124C6A6176612F6C616E672F537472696E673B4C000A63726561746554696D657400104C6A6176612F7574696C2F446174653B4C000463726F6E71007E00094C000B6465736372697074696F6E71007E00094C000269647400134C6A6176612F6C616E672F496E74656765723B4C00076A6F624E616D6571007E00094C000A6D6574686F644E616D6571007E00094C000673746174757371007E00094C000A75706461746554696D6571007E000A78707400086D795765624A6F627074000D302F32202A202A202A202A203F74000FE68891E79A84E696B0E4BBBBE58AA1737200116A6176612E6C616E672E496E746567657212E2A0A4F781873802000149000576616C7565787200106A6176612E6C616E672E4E756D62657286AC951D0B94E08B02000078700000001574000CE68891E79A84E4BBBBE58AA174000361626374000131707800);

-- ----------------------------
-- Table structure for qrtz_locks
-- ----------------------------
DROP TABLE IF EXISTS `qrtz_locks`;
CREATE TABLE `qrtz_locks`  (
  `SCHED_NAME` varchar(120) CHARACTER SET utf8mb4 COLLATE utf8mb4_0900_ai_ci NOT NULL,
  `LOCK_NAME` varchar(40) CHARACTER SET utf8mb4 COLLATE utf8mb4_0900_ai_ci NOT NULL,
  PRIMARY KEY (`SCHED_NAME`, `LOCK_NAME`) USING BTREE
) ENGINE = InnoDB CHARACTER SET = utf8mb4 COLLATE = utf8mb4_0900_ai_ci ROW_FORMAT = Dynamic;

-- ----------------------------
-- Records of qrtz_locks
-- ----------------------------
INSERT INTO `qrtz_locks` VALUES ('adminQuartzScheduler', 'STATE_ACCESS');
INSERT INTO `qrtz_locks` VALUES ('adminQuartzScheduler', 'TRIGGER_ACCESS');

-- ----------------------------
-- Table structure for qrtz_paused_trigger_grps
-- ----------------------------
DROP TABLE IF EXISTS `qrtz_paused_trigger_grps`;
CREATE TABLE `qrtz_paused_trigger_grps`  (
  `SCHED_NAME` varchar(120) CHARACTER SET utf8mb4 COLLATE utf8mb4_0900_ai_ci NOT NULL,
  `TRIGGER_GROUP` varchar(200) CHARACTER SET utf8mb4 COLLATE utf8mb4_0900_ai_ci NOT NULL,
  PRIMARY KEY (`SCHED_NAME`, `TRIGGER_GROUP`) USING BTREE
) ENGINE = InnoDB CHARACTER SET = utf8mb4 COLLATE = utf8mb4_0900_ai_ci ROW_FORMAT = Dynamic;

-- ----------------------------
-- Records of qrtz_paused_trigger_grps
-- ----------------------------

-- ----------------------------
-- Table structure for qrtz_scheduler_state
-- ----------------------------
DROP TABLE IF EXISTS `qrtz_scheduler_state`;
CREATE TABLE `qrtz_scheduler_state`  (
  `SCHED_NAME` varchar(120) CHARACTER SET utf8mb4 COLLATE utf8mb4_0900_ai_ci NOT NULL,
  `INSTANCE_NAME` varchar(200) CHARACTER SET utf8mb4 COLLATE utf8mb4_0900_ai_ci NOT NULL,
  `LAST_CHECKIN_TIME` bigint NOT NULL,
  `CHECKIN_INTERVAL` bigint NOT NULL,
  PRIMARY KEY (`SCHED_NAME`, `INSTANCE_NAME`) USING BTREE
) ENGINE = InnoDB CHARACTER SET = utf8mb4 COLLATE = utf8mb4_0900_ai_ci ROW_FORMAT = Dynamic;

-- ----------------------------
-- Records of qrtz_scheduler_state
-- ----------------------------
INSERT INTO `qrtz_scheduler_state` VALUES ('adminQuartzScheduler', 'WIN10-8082623501627819627984', 1627829064254, 10000);

-- ----------------------------
-- Table structure for qrtz_simple_triggers
-- ----------------------------
DROP TABLE IF EXISTS `qrtz_simple_triggers`;
CREATE TABLE `qrtz_simple_triggers`  (
  `SCHED_NAME` varchar(120) CHARACTER SET utf8mb4 COLLATE utf8mb4_0900_ai_ci NOT NULL,
  `TRIGGER_NAME` varchar(200) CHARACTER SET utf8mb4 COLLATE utf8mb4_0900_ai_ci NOT NULL,
  `TRIGGER_GROUP` varchar(200) CHARACTER SET utf8mb4 COLLATE utf8mb4_0900_ai_ci NOT NULL,
  `REPEAT_COUNT` bigint NOT NULL,
  `REPEAT_INTERVAL` bigint NOT NULL,
  `TIMES_TRIGGERED` bigint NOT NULL,
  PRIMARY KEY (`SCHED_NAME`, `TRIGGER_NAME`, `TRIGGER_GROUP`) USING BTREE,
  CONSTRAINT `qrtz_simple_triggers_ibfk_1` FOREIGN KEY (`SCHED_NAME`, `TRIGGER_NAME`, `TRIGGER_GROUP`) REFERENCES `qrtz_triggers` (`SCHED_NAME`, `TRIGGER_NAME`, `TRIGGER_GROUP`) ON DELETE RESTRICT ON UPDATE RESTRICT
) ENGINE = InnoDB CHARACTER SET = utf8mb4 COLLATE = utf8mb4_0900_ai_ci ROW_FORMAT = Dynamic;

-- ----------------------------
-- Records of qrtz_simple_triggers
-- ----------------------------

-- ----------------------------
-- Table structure for qrtz_simprop_triggers
-- ----------------------------
DROP TABLE IF EXISTS `qrtz_simprop_triggers`;
CREATE TABLE `qrtz_simprop_triggers`  (
  `SCHED_NAME` varchar(120) CHARACTER SET utf8mb4 COLLATE utf8mb4_0900_ai_ci NOT NULL,
  `TRIGGER_NAME` varchar(200) CHARACTER SET utf8mb4 COLLATE utf8mb4_0900_ai_ci NOT NULL,
  `TRIGGER_GROUP` varchar(200) CHARACTER SET utf8mb4 COLLATE utf8mb4_0900_ai_ci NOT NULL,
  `STR_PROP_1` varchar(512) CHARACTER SET utf8mb4 COLLATE utf8mb4_0900_ai_ci NULL DEFAULT NULL,
  `STR_PROP_2` varchar(512) CHARACTER SET utf8mb4 COLLATE utf8mb4_0900_ai_ci NULL DEFAULT NULL,
  `STR_PROP_3` varchar(512) CHARACTER SET utf8mb4 COLLATE utf8mb4_0900_ai_ci NULL DEFAULT NULL,
  `INT_PROP_1` int NULL DEFAULT NULL,
  `INT_PROP_2` int NULL DEFAULT NULL,
  `LONG_PROP_1` bigint NULL DEFAULT NULL,
  `LONG_PROP_2` bigint NULL DEFAULT NULL,
  `DEC_PROP_1` decimal(13, 4) NULL DEFAULT NULL,
  `DEC_PROP_2` decimal(13, 4) NULL DEFAULT NULL,
  `BOOL_PROP_1` varchar(1) CHARACTER SET utf8mb4 COLLATE utf8mb4_0900_ai_ci NULL DEFAULT NULL,
  `BOOL_PROP_2` varchar(1) CHARACTER SET utf8mb4 COLLATE utf8mb4_0900_ai_ci NULL DEFAULT NULL,
  PRIMARY KEY (`SCHED_NAME`, `TRIGGER_NAME`, `TRIGGER_GROUP`) USING BTREE,
  CONSTRAINT `qrtz_simprop_triggers_ibfk_1` FOREIGN KEY (`SCHED_NAME`, `TRIGGER_NAME`, `TRIGGER_GROUP`) REFERENCES `qrtz_triggers` (`SCHED_NAME`, `TRIGGER_NAME`, `TRIGGER_GROUP`) ON DELETE RESTRICT ON UPDATE RESTRICT
) ENGINE = InnoDB CHARACTER SET = utf8mb4 COLLATE = utf8mb4_0900_ai_ci ROW_FORMAT = Dynamic;

-- ----------------------------
-- Records of qrtz_simprop_triggers
-- ----------------------------

-- ----------------------------
-- Table structure for qrtz_triggers
-- ----------------------------
DROP TABLE IF EXISTS `qrtz_triggers`;
CREATE TABLE `qrtz_triggers`  (
  `SCHED_NAME` varchar(120) CHARACTER SET utf8mb4 COLLATE utf8mb4_0900_ai_ci NOT NULL,
  `TRIGGER_NAME` varchar(200) CHARACTER SET utf8mb4 COLLATE utf8mb4_0900_ai_ci NOT NULL,
  `TRIGGER_GROUP` varchar(200) CHARACTER SET utf8mb4 COLLATE utf8mb4_0900_ai_ci NOT NULL,
  `JOB_NAME` varchar(200) CHARACTER SET utf8mb4 COLLATE utf8mb4_0900_ai_ci NOT NULL,
  `JOB_GROUP` varchar(200) CHARACTER SET utf8mb4 COLLATE utf8mb4_0900_ai_ci NOT NULL,
  `DESCRIPTION` varchar(250) CHARACTER SET utf8mb4 COLLATE utf8mb4_0900_ai_ci NULL DEFAULT NULL,
  `NEXT_FIRE_TIME` bigint NULL DEFAULT NULL,
  `PREV_FIRE_TIME` bigint NULL DEFAULT NULL,
  `PRIORITY` int NULL DEFAULT NULL,
  `TRIGGER_STATE` varchar(16) CHARACTER SET utf8mb4 COLLATE utf8mb4_0900_ai_ci NOT NULL,
  `TRIGGER_TYPE` varchar(8) CHARACTER SET utf8mb4 COLLATE utf8mb4_0900_ai_ci NOT NULL,
  `START_TIME` bigint NOT NULL,
  `END_TIME` bigint NULL DEFAULT NULL,
  `CALENDAR_NAME` varchar(200) CHARACTER SET utf8mb4 COLLATE utf8mb4_0900_ai_ci NULL DEFAULT NULL,
  `MISFIRE_INSTR` smallint NULL DEFAULT NULL,
  `JOB_DATA` blob NULL,
  PRIMARY KEY (`SCHED_NAME`, `TRIGGER_NAME`, `TRIGGER_GROUP`) USING BTREE,
  INDEX `SCHED_NAME`(`SCHED_NAME`, `JOB_NAME`, `JOB_GROUP`) USING BTREE,
  CONSTRAINT `qrtz_triggers_ibfk_1` FOREIGN KEY (`SCHED_NAME`, `JOB_NAME`, `JOB_GROUP`) REFERENCES `qrtz_job_details` (`SCHED_NAME`, `JOB_NAME`, `JOB_GROUP`) ON DELETE RESTRICT ON UPDATE RESTRICT
) ENGINE = InnoDB CHARACTER SET = utf8mb4 COLLATE = utf8mb4_0900_ai_ci ROW_FORMAT = Dynamic;

-- ----------------------------
-- Records of qrtz_triggers
-- ----------------------------
INSERT INTO `qrtz_triggers` VALUES ('adminQuartzScheduler', 'myTest', 'DEFAULT', 'myTest', 'DEFAULT', NULL, 1611217090000, 1611217085000, 5, 'PAUSED', 'CRON', 1611216673000, 0, NULL, 2, '');
INSERT INTO `qrtz_triggers` VALUES ('adminQuartzScheduler', '我的任务', 'DEFAULT', '我的任务', 'DEFAULT', NULL, 1627716666000, 1627716664000, 5, 'PAUSED', 'CRON', 1611546964000, 0, NULL, 2, '');

-- ----------------------------
-- Table structure for sys_job
-- ----------------------------
DROP TABLE IF EXISTS `sys_job`;
CREATE TABLE `sys_job`  (
  `id` int UNSIGNED NOT NULL AUTO_INCREMENT COMMENT '主键id',
  `job_name` varchar(100) CHARACTER SET utf8mb4 COLLATE utf8mb4_0900_ai_ci NULL DEFAULT NULL COMMENT '任务名',
  `description` varchar(100) CHARACTER SET utf8mb4 COLLATE utf8mb4_0900_ai_ci NULL DEFAULT NULL COMMENT '任务描述',
  `cron` varchar(100) CHARACTER SET utf8mb4 COLLATE utf8mb4_0900_ai_ci NULL DEFAULT NULL COMMENT 'cron表达式',
  `bean_name` varchar(100) CHARACTER SET utf8mb4 COLLATE utf8mb4_0900_ai_ci NULL DEFAULT NULL COMMENT '任务执行时调用的spring的bean名称',
  `method_name` varchar(100) CHARACTER SET utf8mb4 COLLATE utf8mb4_0900_ai_ci NULL DEFAULT NULL COMMENT '任务方法名',
  `status` varchar(1) CHARACTER SET utf8mb4 COLLATE utf8mb4_0900_ai_ci NULL DEFAULT NULL COMMENT '任务状态（1运行中 2暂停中 3未启动)',
  `create_time` datetime(0) NULL DEFAULT CURRENT_TIMESTAMP(0) COMMENT '创建时间',
  `update_time` datetime(0) NULL DEFAULT NULL ON UPDATE CURRENT_TIMESTAMP(0) COMMENT '更新时间',
  PRIMARY KEY (`id`) USING BTREE
) ENGINE = InnoDB AUTO_INCREMENT = 22 CHARACTER SET = utf8mb4 COLLATE = utf8mb4_0900_ai_ci COMMENT = 'quartz定时任务表' ROW_FORMAT = Dynamic;

-- ----------------------------
-- Records of sys_job
-- ----------------------------
INSERT INTO `sys_job` VALUES (21, '我的任务', '我的新任务', '0/2 * * * * ?', 'myWebJob', 'abc', '2', '2021-01-25 10:38:20', '2021-07-31 15:31:04');

-- ----------------------------
-- Table structure for sys_log
-- ----------------------------
DROP TABLE IF EXISTS `sys_log`;
CREATE TABLE `sys_log`  (
  `id` int UNSIGNED NOT NULL AUTO_INCREMENT COMMENT '主键id',
  `type` varchar(1) CHARACTER SET utf8 COLLATE utf8_general_ci NULL DEFAULT NULL COMMENT '日志类型 1:用户日志 2菜单日志 3角色日志',
  `title` varchar(30) CHARACTER SET utf8 COLLATE utf8_general_ci NULL DEFAULT NULL COMMENT '日志标题',
  `ip` varchar(30) CHARACTER SET utf8 COLLATE utf8_general_ci NULL DEFAULT NULL COMMENT '操作ip地址',
  `addr` varchar(25) CHARACTER SET utf8 COLLATE utf8_general_ci NULL DEFAULT NULL COMMENT '操作地址',
  `request_uri` varchar(30) CHARACTER SET utf8 COLLATE utf8_general_ci NULL DEFAULT NULL COMMENT '请求uri',
  `method` varchar(10) CHARACTER SET utf8 COLLATE utf8_general_ci NULL DEFAULT NULL COMMENT '请求方式(POST,GET,PUT,DELETE)',
  `params` varchar(100) CHARACTER SET utf8 COLLATE utf8_general_ci NULL DEFAULT NULL COMMENT '请求提交参数',
  `time` bigint NULL DEFAULT NULL COMMENT '请求时间',
  `response` text CHARACTER SET utf8 COLLATE utf8_general_ci NULL COMMENT '响应数据',
  `create_by` varchar(20) CHARACTER SET utf8 COLLATE utf8_general_ci NULL DEFAULT NULL COMMENT '操作人',
  `create_time` timestamp(0) NULL DEFAULT CURRENT_TIMESTAMP(0) COMMENT '创建时间',
  `update_time` timestamp(0) NULL DEFAULT CURRENT_TIMESTAMP(0) ON UPDATE CURRENT_TIMESTAMP(0) COMMENT '更新时间',
  `del_flag` int NULL DEFAULT 0 COMMENT '是否删除,1已删0未删',
  `tenant_id` int NULL DEFAULT 1 COMMENT '租户id',
  PRIMARY KEY (`id`) USING BTREE
) ENGINE = InnoDB AUTO_INCREMENT = 1176 CHARACTER SET = utf8 COLLATE = utf8_general_ci COMMENT = '系统日志表' ROW_FORMAT = Dynamic;

-- ----------------------------
-- Records of sys_log
-- ----------------------------
INSERT INTO `sys_log` VALUES (1079, '1', '查询用户列表', '192.168.31.70', '内网IP', '/users/page', 'GET', 'size=%5B10%5D', 5, '{\"code\":0,\"msg\":\"请求成功\",\"data\":{\"records\":[{\"id\":1,\"orgId\":3,\"username\":\"sadmin\",\"email\":\"23xxx@qq.com\",\"phone\":\"18911483365\",\"avatar\":null,\"status\":true,\"sort\":1,\"createTime\":null,\"updateTime\":1604290229000,\"delFlag\":0},{\"id\":2,\"orgId\":null,\"username\":\"admin\",\"email\":\"22@qq.com\",\"phone\":\"189222222\",\"avatar\":null,\"status\":true,\"sort\":null,\"createTime\":null,\"updateTime\":1604298484000,\"delFlag\":null},{\"id\":8,\"orgId\":null,\"username\":\"user2\",\"email\":null,\"phone\":\"18888888888\",\"avatar\":null,\"status\":true,\"sort\":null,\"createTime\":1598601999000,\"updateTime\":1604574501000,\"delFlag\":0}],\"total\":3,\"size\":10,\"current\":1,\"orders\":[],\"optimizeCountSql\":true,\"hitCount\":false,\"searchCount\":true,\"pages\":1}}', 'admin', '2021-07-31 17:03:41', '2021-07-31 17:03:41', 0, 1);
INSERT INTO `sys_log` VALUES (1080, '1', 'admin用户登录', '0:0:0:0:0:0:0:1', '山西省 太原市', '/certification', 'POST', 'username=%5Badmin%5D&password=%5B123456%5D', NULL, NULL, 'admin', '2021-07-31 21:30:13', '2021-07-31 21:30:13', 0, 1);
INSERT INTO `sys_log` VALUES (1081, '1', 'admin用户登录', '192.168.31.70', '内网IP', '/certification', 'POST', 'username=%5Badmin%5D&password=%5B123456%5D', NULL, NULL, 'admin', '2021-07-31 21:53:59', '2021-07-31 21:53:59', 0, 1);
INSERT INTO `sys_log` VALUES (1082, '1', '查询用户列表', '192.168.31.70', '内网IP', '/users/page', 'GET', 'size=%5B10%5D', 12, '{\"code\":0,\"msg\":\"请求成功\",\"data\":{\"records\":[{\"id\":1,\"orgId\":3,\"username\":\"sadmin\",\"email\":\"23xxx@qq.com\",\"phone\":\"18911483365\",\"avatar\":null,\"status\":true,\"sort\":1,\"createTime\":null,\"updateTime\":1604290229000,\"delFlag\":0},{\"id\":2,\"orgId\":null,\"username\":\"admin\",\"email\":\"22@qq.com\",\"phone\":\"189222222\",\"avatar\":null,\"status\":true,\"sort\":null,\"createTime\":null,\"updateTime\":1604298484000,\"delFlag\":null},{\"id\":8,\"orgId\":null,\"username\":\"user2\",\"email\":null,\"phone\":\"18888888888\",\"avatar\":null,\"status\":true,\"sort\":null,\"createTime\":1598601999000,\"updateTime\":1604574501000,\"delFlag\":0}],\"total\":3,\"size\":10,\"current\":1,\"orders\":[],\"optimizeCountSql\":true,\"hitCount\":false,\"searchCount\":true,\"pages\":1}}', 'admin', '2021-07-31 21:54:01', '2021-07-31 21:54:01', 0, 1);
INSERT INTO `sys_log` VALUES (1083, '1', '查询用户列表', '192.168.31.70', '内网IP', '/users/page', 'GET', 'size=%5B10%5D', 6, '{\"code\":0,\"msg\":\"请求成功\",\"data\":{\"records\":[{\"id\":1,\"orgId\":3,\"username\":\"sadmin\",\"email\":\"23xxx@qq.com\",\"phone\":\"18911483365\",\"avatar\":null,\"status\":true,\"sort\":1,\"createTime\":null,\"updateTime\":1604290229000,\"delFlag\":0},{\"id\":2,\"orgId\":null,\"username\":\"admin\",\"email\":\"22@qq.com\",\"phone\":\"189222222\",\"avatar\":null,\"status\":true,\"sort\":null,\"createTime\":null,\"updateTime\":1604298484000,\"delFlag\":null},{\"id\":8,\"orgId\":null,\"username\":\"user2\",\"email\":null,\"phone\":\"18888888888\",\"avatar\":null,\"status\":true,\"sort\":null,\"createTime\":1598601999000,\"updateTime\":1604574501000,\"delFlag\":0}],\"total\":3,\"size\":10,\"current\":1,\"orders\":[],\"optimizeCountSql\":true,\"hitCount\":false,\"searchCount\":true,\"pages\":1}}', 'admin', '2021-07-31 21:54:51', '2021-07-31 21:54:51', 0, 1);
INSERT INTO `sys_log` VALUES (1084, '1', '查询用户列表', '192.168.31.70', '内网IP', '/users/page', 'GET', 'size=%5B10%5D', 8, '{\"code\":0,\"msg\":\"请求成功\",\"data\":{\"records\":[{\"id\":1,\"orgId\":3,\"username\":\"sadmin\",\"email\":\"23xxx@qq.com\",\"phone\":\"18911483365\",\"avatar\":null,\"status\":true,\"sort\":1,\"createTime\":null,\"updateTime\":1604290229000,\"delFlag\":0},{\"id\":2,\"orgId\":null,\"username\":\"admin\",\"email\":\"22@qq.com\",\"phone\":\"189222222\",\"avatar\":null,\"status\":true,\"sort\":null,\"createTime\":null,\"updateTime\":1604298484000,\"delFlag\":null},{\"id\":8,\"orgId\":null,\"username\":\"user2\",\"email\":null,\"phone\":\"18888888888\",\"avatar\":null,\"status\":true,\"sort\":null,\"createTime\":1598601999000,\"updateTime\":1604574501000,\"delFlag\":0}],\"total\":3,\"size\":10,\"current\":1,\"orders\":[],\"optimizeCountSql\":true,\"hitCount\":false,\"searchCount\":true,\"pages\":1}}', 'admin', '2021-07-31 21:54:55', '2021-07-31 21:54:55', 0, 1);
INSERT INTO `sys_log` VALUES (1085, '1', '查询用户列表', '192.168.31.70', '内网IP', '/users/page', 'GET', 'orgId=%5B1%5D&size=%5B10%5D&current=%5B1%5D', 10, '{\"code\":0,\"msg\":\"请求成功\",\"data\":{\"records\":[],\"total\":0,\"size\":10,\"current\":1,\"orders\":[],\"optimizeCountSql\":true,\"hitCount\":false,\"searchCount\":true,\"pages\":0}}', 'admin', '2021-07-31 21:55:00', '2021-07-31 21:55:00', 0, 1);
INSERT INTO `sys_log` VALUES (1086, '1', '查询用户列表', '192.168.31.70', '内网IP', '/users/page', 'GET', 'orgId=%5B1%5D&size=%5B10%5D&current=%5B1%5D', 4, '{\"code\":0,\"msg\":\"请求成功\",\"data\":{\"records\":[],\"total\":0,\"size\":10,\"current\":1,\"orders\":[],\"optimizeCountSql\":true,\"hitCount\":false,\"searchCount\":true,\"pages\":0}}', 'admin', '2021-07-31 21:55:00', '2021-07-31 21:55:00', 0, 1);
INSERT INTO `sys_log` VALUES (1087, '1', '查询用户列表', '192.168.31.70', '内网IP', '/users/page', 'GET', 'orgId=%5B2%5D&size=%5B10%5D&current=%5B1%5D', 4, '{\"code\":0,\"msg\":\"请求成功\",\"data\":{\"records\":[],\"total\":0,\"size\":10,\"current\":1,\"orders\":[],\"optimizeCountSql\":true,\"hitCount\":false,\"searchCount\":true,\"pages\":0}}', 'admin', '2021-07-31 21:55:01', '2021-07-31 21:55:01', 0, 1);
INSERT INTO `sys_log` VALUES (1088, '1', '查询用户列表', '192.168.31.70', '内网IP', '/users/page', 'GET', 'orgId=%5B2%5D&size=%5B10%5D&current=%5B1%5D', 3, '{\"code\":0,\"msg\":\"请求成功\",\"data\":{\"records\":[],\"total\":0,\"size\":10,\"current\":1,\"orders\":[],\"optimizeCountSql\":true,\"hitCount\":false,\"searchCount\":true,\"pages\":0}}', 'admin', '2021-07-31 21:55:02', '2021-07-31 21:55:02', 0, 1);
INSERT INTO `sys_log` VALUES (1089, '1', '查询用户列表', '192.168.31.70', '内网IP', '/users/page', 'GET', 'orgId=%5B3%5D&size=%5B10%5D&current=%5B1%5D', 5, '{\"code\":0,\"msg\":\"请求成功\",\"data\":{\"records\":[{\"id\":1,\"orgId\":3,\"username\":\"sadmin\",\"email\":\"23xxx@qq.com\",\"phone\":\"18911483365\",\"avatar\":null,\"status\":true,\"sort\":1,\"createTime\":null,\"updateTime\":1604290229000,\"delFlag\":0}],\"total\":1,\"size\":10,\"current\":1,\"orders\":[],\"optimizeCountSql\":true,\"hitCount\":false,\"searchCount\":true,\"pages\":1}}', 'admin', '2021-07-31 21:55:02', '2021-07-31 21:55:02', 0, 1);
INSERT INTO `sys_log` VALUES (1090, '1', '查询用户列表', '192.168.31.70', '内网IP', '/users/page', 'GET', 'orgId=%5B4%5D&size=%5B10%5D&current=%5B1%5D', 3, '{\"code\":0,\"msg\":\"请求成功\",\"data\":{\"records\":[],\"total\":0,\"size\":10,\"current\":1,\"orders\":[],\"optimizeCountSql\":true,\"hitCount\":false,\"searchCount\":true,\"pages\":0}}', 'admin', '2021-07-31 21:55:03', '2021-07-31 21:55:03', 0, 1);
INSERT INTO `sys_log` VALUES (1091, '1', '查询用户列表', '192.168.31.70', '内网IP', '/users/page', 'GET', 'orgId=%5B1%5D&size=%5B10%5D&current=%5B1%5D', 5, '{\"code\":0,\"msg\":\"请求成功\",\"data\":{\"records\":[],\"total\":0,\"size\":10,\"current\":1,\"orders\":[],\"optimizeCountSql\":true,\"hitCount\":false,\"searchCount\":true,\"pages\":0}}', 'admin', '2021-07-31 21:55:24', '2021-07-31 21:55:24', 0, 1);
INSERT INTO `sys_log` VALUES (1092, '1', '查询用户列表', '192.168.31.70', '内网IP', '/users/page', 'GET', 'orgId=%5B3%5D&size=%5B10%5D&current=%5B1%5D', 5, '{\"code\":0,\"msg\":\"请求成功\",\"data\":{\"records\":[{\"id\":1,\"orgId\":3,\"username\":\"sadmin\",\"email\":\"23xxx@qq.com\",\"phone\":\"18911483365\",\"avatar\":null,\"status\":true,\"sort\":1,\"createTime\":null,\"updateTime\":1604290229000,\"delFlag\":0}],\"total\":1,\"size\":10,\"current\":1,\"orders\":[],\"optimizeCountSql\":true,\"hitCount\":false,\"searchCount\":true,\"pages\":1}}', 'admin', '2021-07-31 21:55:32', '2021-07-31 21:55:32', 0, 1);
INSERT INTO `sys_log` VALUES (1093, '1', '查询用户列表', '192.168.31.70', '内网IP', '/users/page', 'GET', 'orgId=%5B4%5D&size=%5B10%5D&current=%5B1%5D', 4, '{\"code\":0,\"msg\":\"请求成功\",\"data\":{\"records\":[],\"total\":0,\"size\":10,\"current\":1,\"orders\":[],\"optimizeCountSql\":true,\"hitCount\":false,\"searchCount\":true,\"pages\":0}}', 'admin', '2021-07-31 21:55:33', '2021-07-31 21:55:33', 0, 1);
INSERT INTO `sys_log` VALUES (1094, '1', '查询用户列表', '192.168.31.70', '内网IP', '/users/page', 'GET', 'orgId=%5B3%5D&size=%5B10%5D&current=%5B1%5D', 5, '{\"code\":0,\"msg\":\"请求成功\",\"data\":{\"records\":[{\"id\":1,\"orgId\":3,\"username\":\"sadmin\",\"email\":\"23xxx@qq.com\",\"phone\":\"18911483365\",\"avatar\":null,\"status\":true,\"sort\":1,\"createTime\":null,\"updateTime\":1604290229000,\"delFlag\":0}],\"total\":1,\"size\":10,\"current\":1,\"orders\":[],\"optimizeCountSql\":true,\"hitCount\":false,\"searchCount\":true,\"pages\":1}}', 'admin', '2021-07-31 21:55:34', '2021-07-31 21:55:34', 0, 1);
INSERT INTO `sys_log` VALUES (1095, '1', '查询用户列表', '192.168.31.70', '内网IP', '/users/page', 'GET', 'orgId=%5B2%5D&size=%5B10%5D&current=%5B1%5D', 4, '{\"code\":0,\"msg\":\"请求成功\",\"data\":{\"records\":[],\"total\":0,\"size\":10,\"current\":1,\"orders\":[],\"optimizeCountSql\":true,\"hitCount\":false,\"searchCount\":true,\"pages\":0}}', 'admin', '2021-07-31 21:55:35', '2021-07-31 21:55:35', 0, 1);
INSERT INTO `sys_log` VALUES (1096, '1', '查询用户列表', '192.168.31.70', '内网IP', '/users/page', 'GET', 'orgId=%5B1%5D&size=%5B10%5D&current=%5B1%5D', 4, '{\"code\":0,\"msg\":\"请求成功\",\"data\":{\"records\":[],\"total\":0,\"size\":10,\"current\":1,\"orders\":[],\"optimizeCountSql\":true,\"hitCount\":false,\"searchCount\":true,\"pages\":0}}', 'admin', '2021-07-31 21:55:36', '2021-07-31 21:55:36', 0, 1);
INSERT INTO `sys_log` VALUES (1097, '1', '查询用户列表', '192.168.31.70', '内网IP', '/users/page', 'GET', 'orgId=%5B5%5D&size=%5B10%5D&current=%5B1%5D', 3, '{\"code\":0,\"msg\":\"请求成功\",\"data\":{\"records\":[],\"total\":0,\"size\":10,\"current\":1,\"orders\":[],\"optimizeCountSql\":true,\"hitCount\":false,\"searchCount\":true,\"pages\":0}}', 'admin', '2021-07-31 21:55:37', '2021-07-31 21:55:37', 0, 1);
INSERT INTO `sys_log` VALUES (1098, '1', '查询用户列表', '192.168.31.70', '内网IP', '/users/page', 'GET', 'orgId=%5B5%5D&size=%5B10%5D&current=%5B1%5D', 4, '{\"code\":0,\"msg\":\"请求成功\",\"data\":{\"records\":[],\"total\":0,\"size\":10,\"current\":1,\"orders\":[],\"optimizeCountSql\":true,\"hitCount\":false,\"searchCount\":true,\"pages\":0}}', 'admin', '2021-07-31 21:55:38', '2021-07-31 21:55:38', 0, 1);
INSERT INTO `sys_log` VALUES (1099, '1', '查询用户列表', '192.168.31.70', '内网IP', '/users/page', 'GET', 'orgId=%5B7%5D&size=%5B10%5D&current=%5B1%5D', 4, '{\"code\":0,\"msg\":\"请求成功\",\"data\":{\"records\":[],\"total\":0,\"size\":10,\"current\":1,\"orders\":[],\"optimizeCountSql\":true,\"hitCount\":false,\"searchCount\":true,\"pages\":0}}', 'admin', '2021-07-31 21:55:40', '2021-07-31 21:55:40', 0, 1);
INSERT INTO `sys_log` VALUES (1100, '1', '查询用户列表', '192.168.31.70', '内网IP', '/users/page', 'GET', 'orgId=%5B6%5D&size=%5B10%5D&current=%5B1%5D', 4, '{\"code\":0,\"msg\":\"请求成功\",\"data\":{\"records\":[],\"total\":0,\"size\":10,\"current\":1,\"orders\":[],\"optimizeCountSql\":true,\"hitCount\":false,\"searchCount\":true,\"pages\":0}}', 'admin', '2021-07-31 21:55:41', '2021-07-31 21:55:41', 0, 1);
INSERT INTO `sys_log` VALUES (1101, '1', '查询用户列表', '192.168.31.70', '内网IP', '/users/page', 'GET', 'orgId=%5B4%5D&size=%5B10%5D&current=%5B1%5D', 3, '{\"code\":0,\"msg\":\"请求成功\",\"data\":{\"records\":[],\"total\":0,\"size\":10,\"current\":1,\"orders\":[],\"optimizeCountSql\":true,\"hitCount\":false,\"searchCount\":true,\"pages\":0}}', 'admin', '2021-07-31 21:55:41', '2021-07-31 21:55:41', 0, 1);
INSERT INTO `sys_log` VALUES (1102, '1', '查询用户列表', '192.168.31.70', '内网IP', '/users/page', 'GET', 'orgId=%5B3%5D&size=%5B10%5D&current=%5B1%5D', 5, '{\"code\":0,\"msg\":\"请求成功\",\"data\":{\"records\":[{\"id\":1,\"orgId\":3,\"username\":\"sadmin\",\"email\":\"23xxx@qq.com\",\"phone\":\"18911483365\",\"avatar\":null,\"status\":true,\"sort\":1,\"createTime\":null,\"updateTime\":1604290229000,\"delFlag\":0}],\"total\":1,\"size\":10,\"current\":1,\"orders\":[],\"optimizeCountSql\":true,\"hitCount\":false,\"searchCount\":true,\"pages\":1}}', 'admin', '2021-07-31 21:55:42', '2021-07-31 21:55:42', 0, 1);
INSERT INTO `sys_log` VALUES (1103, '1', '查询用户列表', '192.168.31.70', '内网IP', '/users/page', 'GET', 'orgId=%5B2%5D&size=%5B10%5D&current=%5B1%5D', 4, '{\"code\":0,\"msg\":\"请求成功\",\"data\":{\"records\":[],\"total\":0,\"size\":10,\"current\":1,\"orders\":[],\"optimizeCountSql\":true,\"hitCount\":false,\"searchCount\":true,\"pages\":0}}', 'admin', '2021-07-31 21:55:43', '2021-07-31 21:55:43', 0, 1);
INSERT INTO `sys_log` VALUES (1104, '1', '查询用户列表', '192.168.31.70', '内网IP', '/users/page', 'GET', 'size=%5B10%5D', 6, '{\"code\":0,\"msg\":\"请求成功\",\"data\":{\"records\":[{\"id\":1,\"orgId\":3,\"username\":\"sadmin\",\"email\":\"23xxx@qq.com\",\"phone\":\"18911483365\",\"avatar\":null,\"status\":true,\"sort\":1,\"createTime\":null,\"updateTime\":1604290229000,\"delFlag\":0},{\"id\":2,\"orgId\":null,\"username\":\"admin\",\"email\":\"22@qq.com\",\"phone\":\"189222222\",\"avatar\":null,\"status\":true,\"sort\":null,\"createTime\":null,\"updateTime\":1604298484000,\"delFlag\":null},{\"id\":8,\"orgId\":null,\"username\":\"user2\",\"email\":null,\"phone\":\"18888888888\",\"avatar\":null,\"status\":true,\"sort\":null,\"createTime\":1598601999000,\"updateTime\":1604574501000,\"delFlag\":0}],\"total\":3,\"size\":10,\"current\":1,\"orders\":[],\"optimizeCountSql\":true,\"hitCount\":false,\"searchCount\":true,\"pages\":1}}', 'admin', '2021-07-31 21:55:44', '2021-07-31 21:55:44', 0, 1);
INSERT INTO `sys_log` VALUES (1105, '1', '删除用户', '192.168.31.70', '内网IP', '/users/8', 'DELETE', '', 59, '{\"code\":0,\"msg\":\"请求成功\",\"data\":true}', 'admin', '2021-07-31 21:55:49', '2021-07-31 21:55:49', 0, 1);
INSERT INTO `sys_log` VALUES (1106, '1', '查询用户列表', '192.168.31.70', '内网IP', '/users/page', 'GET', 'size=%5B10%5D', 5, '{\"code\":0,\"msg\":\"请求成功\",\"data\":{\"records\":[{\"id\":1,\"orgId\":3,\"username\":\"sadmin\",\"email\":\"23xxx@qq.com\",\"phone\":\"18911483365\",\"avatar\":null,\"status\":true,\"sort\":1,\"createTime\":null,\"updateTime\":1604290229000,\"delFlag\":0},{\"id\":2,\"orgId\":null,\"username\":\"admin\",\"email\":\"22@qq.com\",\"phone\":\"189222222\",\"avatar\":null,\"status\":true,\"sort\":null,\"createTime\":null,\"updateTime\":1604298484000,\"delFlag\":null}],\"total\":2,\"size\":10,\"current\":1,\"orders\":[],\"optimizeCountSql\":true,\"hitCount\":false,\"searchCount\":true,\"pages\":1}}', 'admin', '2021-07-31 21:55:49', '2021-07-31 21:55:49', 0, 1);
INSERT INTO `sys_log` VALUES (1107, '1', '查询用户列表', '192.168.31.70', '内网IP', '/users/page', 'GET', 'size=%5B10%5D', 6, '{\"code\":0,\"msg\":\"请求成功\",\"data\":{\"records\":[{\"id\":1,\"orgId\":3,\"username\":\"sadmin\",\"email\":\"23xxx@qq.com\",\"phone\":\"18911483365\",\"avatar\":null,\"status\":true,\"sort\":1,\"createTime\":null,\"updateTime\":1604290229000,\"delFlag\":0},{\"id\":2,\"orgId\":null,\"username\":\"admin\",\"email\":\"22@qq.com\",\"phone\":\"189222222\",\"avatar\":null,\"status\":true,\"sort\":null,\"createTime\":null,\"updateTime\":1604298484000,\"delFlag\":null}],\"total\":2,\"size\":10,\"current\":1,\"orders\":[],\"optimizeCountSql\":true,\"hitCount\":false,\"searchCount\":true,\"pages\":1}}', 'admin', '2021-07-31 21:56:10', '2021-07-31 21:56:10', 0, 1);
INSERT INTO `sys_log` VALUES (1108, '1', '新增用户', '192.168.31.70', '内网IP', '/users', 'POST', '', 138, '{\"code\":0,\"msg\":\"请求成功\",\"data\":true}', 'admin', '2021-07-31 21:57:04', '2021-07-31 21:57:04', 0, 1);
INSERT INTO `sys_log` VALUES (1109, '1', '查询用户列表', '192.168.31.70', '内网IP', '/users/page', 'GET', 'size=%5B10%5D', 7, '{\"code\":0,\"msg\":\"请求成功\",\"data\":{\"records\":[{\"id\":1,\"orgId\":3,\"username\":\"sadmin\",\"email\":\"23xxx@qq.com\",\"phone\":\"18911483365\",\"avatar\":null,\"status\":true,\"sort\":1,\"createTime\":null,\"updateTime\":1604290229000,\"delFlag\":0},{\"id\":2,\"orgId\":null,\"username\":\"admin\",\"email\":\"22@qq.com\",\"phone\":\"189222222\",\"avatar\":null,\"status\":true,\"sort\":null,\"createTime\":null,\"updateTime\":1604298484000,\"delFlag\":null},{\"id\":9,\"orgId\":3,\"username\":\"zhangsan\",\"email\":\"wuyanshen2012@hotmail.com\",\"phone\":\"18888888888\",\"avatar\":null,\"status\":true,\"sort\":null,\"createTime\":1627739824000,\"updateTime\":1627739824000,\"delFlag\":0}],\"total\":3,\"size\":10,\"current\":1,\"orders\":[],\"optimizeCountSql\":true,\"hitCount\":false,\"searchCount\":true,\"pages\":1}}', 'admin', '2021-07-31 21:57:05', '2021-07-31 21:57:05', 0, 1);
INSERT INTO `sys_log` VALUES (1110, '1', '查询用户列表', '192.168.31.70', '内网IP', '/users/page', 'GET', 'orgId=%5B4%5D&size=%5B10%5D&current=%5B1%5D', 5, '{\"code\":0,\"msg\":\"请求成功\",\"data\":{\"records\":[],\"total\":0,\"size\":10,\"current\":1,\"orders\":[],\"optimizeCountSql\":true,\"hitCount\":false,\"searchCount\":true,\"pages\":0}}', 'admin', '2021-07-31 21:57:12', '2021-07-31 21:57:12', 0, 1);
INSERT INTO `sys_log` VALUES (1111, '1', '查询用户列表', '192.168.31.70', '内网IP', '/users/page', 'GET', 'orgId=%5B3%5D&size=%5B10%5D&current=%5B1%5D', 4, '{\"code\":0,\"msg\":\"请求成功\",\"data\":{\"records\":[{\"id\":1,\"orgId\":3,\"username\":\"sadmin\",\"email\":\"23xxx@qq.com\",\"phone\":\"18911483365\",\"avatar\":null,\"status\":true,\"sort\":1,\"createTime\":null,\"updateTime\":1604290229000,\"delFlag\":0},{\"id\":9,\"orgId\":3,\"username\":\"zhangsan\",\"email\":\"wuyanshen2012@hotmail.com\",\"phone\":\"18888888888\",\"avatar\":null,\"status\":true,\"sort\":null,\"createTime\":1627739824000,\"updateTime\":1627739824000,\"delFlag\":0}],\"total\":2,\"size\":10,\"current\":1,\"orders\":[],\"optimizeCountSql\":true,\"hitCount\":false,\"searchCount\":true,\"pages\":1}}', 'admin', '2021-07-31 21:57:12', '2021-07-31 21:57:12', 0, 1);
INSERT INTO `sys_log` VALUES (1112, '1', '查询用户列表', '192.168.31.70', '内网IP', '/users/page', 'GET', 'orgId=%5B2%5D&size=%5B10%5D&current=%5B1%5D', 5, '{\"code\":0,\"msg\":\"请求成功\",\"data\":{\"records\":[],\"total\":0,\"size\":10,\"current\":1,\"orders\":[],\"optimizeCountSql\":true,\"hitCount\":false,\"searchCount\":true,\"pages\":0}}', 'admin', '2021-07-31 21:57:16', '2021-07-31 21:57:16', 0, 1);
INSERT INTO `sys_log` VALUES (1113, '1', '新增用户', '192.168.31.70', '内网IP', '/users', 'POST', '', 130, '{\"code\":0,\"msg\":\"请求成功\",\"data\":true}', 'admin', '2021-07-31 21:58:23', '2021-07-31 21:58:23', 0, 1);
INSERT INTO `sys_log` VALUES (1114, '1', '查询用户列表', '192.168.31.70', '内网IP', '/users/page', 'GET', 'size=%5B10%5D', 6, '{\"code\":0,\"msg\":\"请求成功\",\"data\":{\"records\":[{\"id\":1,\"orgId\":3,\"username\":\"sadmin\",\"email\":\"23xxx@qq.com\",\"phone\":\"18911483365\",\"avatar\":null,\"status\":true,\"sort\":1,\"createTime\":null,\"updateTime\":1604290229000,\"delFlag\":0},{\"id\":2,\"orgId\":null,\"username\":\"admin\",\"email\":\"22@qq.com\",\"phone\":\"189222222\",\"avatar\":null,\"status\":true,\"sort\":null,\"createTime\":null,\"updateTime\":1604298484000,\"delFlag\":null},{\"id\":9,\"orgId\":3,\"username\":\"zhangsan\",\"email\":\"wuyanshen2012@hotmail.com\",\"phone\":\"18888888888\",\"avatar\":null,\"status\":true,\"sort\":null,\"createTime\":1627739824000,\"updateTime\":1627739824000,\"delFlag\":0},{\"id\":10,\"orgId\":2,\"username\":\"jl\",\"email\":\"wuyanshen2012@hotmail.com\",\"phone\":\"18888888888\",\"avatar\":null,\"status\":true,\"sort\":null,\"createTime\":1627739902000,\"updateTime\":1627739902000,\"delFlag\":0}],\"total\":4,\"size\":10,\"current\":1,\"orders\":[],\"optimizeCountSql\":true,\"hitCount\":false,\"searchCount\":true,\"pages\":1}}', 'admin', '2021-07-31 21:58:23', '2021-07-31 21:58:23', 0, 1);
INSERT INTO `sys_log` VALUES (1115, '1', '查询用户列表', '192.168.31.70', '内网IP', '/users/page', 'GET', 'orgId=%5B2%5D&size=%5B10%5D&current=%5B1%5D', 5, '{\"code\":0,\"msg\":\"请求成功\",\"data\":{\"records\":[{\"id\":10,\"orgId\":2,\"username\":\"jl\",\"email\":\"wuyanshen2012@hotmail.com\",\"phone\":\"18888888888\",\"avatar\":null,\"status\":true,\"sort\":null,\"createTime\":1627739902000,\"updateTime\":1627739902000,\"delFlag\":0}],\"total\":1,\"size\":10,\"current\":1,\"orders\":[],\"optimizeCountSql\":true,\"hitCount\":false,\"searchCount\":true,\"pages\":1}}', 'admin', '2021-07-31 21:58:29', '2021-07-31 21:58:29', 0, 1);
INSERT INTO `sys_log` VALUES (1116, '1', '查询用户列表', '192.168.31.70', '内网IP', '/users/page', 'GET', 'orgId=%5B3%5D&size=%5B10%5D&current=%5B1%5D', 5, '{\"code\":0,\"msg\":\"请求成功\",\"data\":{\"records\":[{\"id\":1,\"orgId\":3,\"username\":\"sadmin\",\"email\":\"23xxx@qq.com\",\"phone\":\"18911483365\",\"avatar\":null,\"status\":true,\"sort\":1,\"createTime\":null,\"updateTime\":1604290229000,\"delFlag\":0},{\"id\":9,\"orgId\":3,\"username\":\"zhangsan\",\"email\":\"wuyanshen2012@hotmail.com\",\"phone\":\"18888888888\",\"avatar\":null,\"status\":true,\"sort\":null,\"createTime\":1627739824000,\"updateTime\":1627739824000,\"delFlag\":0}],\"total\":2,\"size\":10,\"current\":1,\"orders\":[],\"optimizeCountSql\":true,\"hitCount\":false,\"searchCount\":true,\"pages\":1}}', 'admin', '2021-07-31 21:58:30', '2021-07-31 21:58:30', 0, 1);
INSERT INTO `sys_log` VALUES (1117, '1', '查询用户列表', '192.168.31.70', '内网IP', '/users/page', 'GET', 'orgId=%5B4%5D&size=%5B10%5D&current=%5B1%5D', 3, '{\"code\":0,\"msg\":\"请求成功\",\"data\":{\"records\":[],\"total\":0,\"size\":10,\"current\":1,\"orders\":[],\"optimizeCountSql\":true,\"hitCount\":false,\"searchCount\":true,\"pages\":0}}', 'admin', '2021-07-31 21:58:31', '2021-07-31 21:58:31', 0, 1);
INSERT INTO `sys_log` VALUES (1118, '1', '查询用户列表', '192.168.31.70', '内网IP', '/users/page', 'GET', 'orgId=%5B3%5D&size=%5B10%5D&current=%5B1%5D', 6, '{\"code\":0,\"msg\":\"请求成功\",\"data\":{\"records\":[{\"id\":1,\"orgId\":3,\"username\":\"sadmin\",\"email\":\"23xxx@qq.com\",\"phone\":\"18911483365\",\"avatar\":null,\"status\":true,\"sort\":1,\"createTime\":null,\"updateTime\":1604290229000,\"delFlag\":0},{\"id\":9,\"orgId\":3,\"username\":\"zhangsan\",\"email\":\"wuyanshen2012@hotmail.com\",\"phone\":\"18888888888\",\"avatar\":null,\"status\":true,\"sort\":null,\"createTime\":1627739824000,\"updateTime\":1627739824000,\"delFlag\":0}],\"total\":2,\"size\":10,\"current\":1,\"orders\":[],\"optimizeCountSql\":true,\"hitCount\":false,\"searchCount\":true,\"pages\":1}}', 'admin', '2021-07-31 21:58:32', '2021-07-31 21:58:32', 0, 1);
INSERT INTO `sys_log` VALUES (1119, '1', '查询用户列表', '192.168.31.70', '内网IP', '/users/page', 'GET', 'orgId=%5B2%5D&size=%5B10%5D&current=%5B1%5D', 6, '{\"code\":0,\"msg\":\"请求成功\",\"data\":{\"records\":[{\"id\":10,\"orgId\":2,\"username\":\"jl\",\"email\":\"wuyanshen2012@hotmail.com\",\"phone\":\"18888888888\",\"avatar\":null,\"status\":true,\"sort\":null,\"createTime\":1627739902000,\"updateTime\":1627739902000,\"delFlag\":0}],\"total\":1,\"size\":10,\"current\":1,\"orders\":[],\"optimizeCountSql\":true,\"hitCount\":false,\"searchCount\":true,\"pages\":1}}', 'admin', '2021-07-31 21:58:32', '2021-07-31 21:58:32', 0, 1);
INSERT INTO `sys_log` VALUES (1120, '1', '查询用户列表', '192.168.31.70', '内网IP', '/users/page', 'GET', 'orgId=%5B2%5D&size=%5B10%5D&current=%5B1%5D', 5, '{\"code\":0,\"msg\":\"请求成功\",\"data\":{\"records\":[{\"id\":10,\"orgId\":2,\"username\":\"jl\",\"email\":\"wuyanshen2012@hotmail.com\",\"phone\":\"18888888888\",\"avatar\":null,\"status\":true,\"sort\":null,\"createTime\":1627739902000,\"updateTime\":1627739902000,\"delFlag\":0}],\"total\":1,\"size\":10,\"current\":1,\"orders\":[],\"optimizeCountSql\":true,\"hitCount\":false,\"searchCount\":true,\"pages\":1}}', 'admin', '2021-07-31 21:58:33', '2021-07-31 21:58:33', 0, 1);
INSERT INTO `sys_log` VALUES (1121, '1', 'admin用户登录', '0:0:0:0:0:0:0:1', '山西省 太原市', '/certification', 'POST', 'username=%5Badmin%5D&password=%5B123456%5D', NULL, NULL, 'admin', '2021-07-31 22:02:52', '2021-07-31 22:02:52', 0, 1);
INSERT INTO `sys_log` VALUES (1122, '1', 'admin用户登录', '0:0:0:0:0:0:0:1', '山西省 太原市', '/certification', 'POST', 'username=%5Badmin%5D&password=%5B123456%5D', NULL, NULL, 'admin', '2021-07-31 22:52:31', '2021-07-31 22:52:31', 0, 1);
INSERT INTO `sys_log` VALUES (1123, '1', 'admin用户登录', '0:0:0:0:0:0:0:1', '山西省 太原市', '/certification', 'POST', 'username=%5Badmin%5D&password=%5B123456%5D', NULL, NULL, 'admin', '2021-08-01 14:05:12', '2021-08-01 14:05:12', 0, 1);
INSERT INTO `sys_log` VALUES (1124, '1', 'zhangsan用户登录', '0:0:0:0:0:0:0:1', '山西省 太原市', '/certification', 'POST', 'username=%5Bzhangsan%5D&password=%5B123456%5D', NULL, NULL, 'zhangsan', '2021-08-01 14:45:16', '2021-08-01 14:45:16', 0, 1);
INSERT INTO `sys_log` VALUES (1125, '1', 'admin用户登录', '192.168.31.70', '内网IP', '/certification', 'POST', 'username=%5Badmin%5D&password=%5B123456%5D', NULL, NULL, 'admin', '2021-08-01 15:56:31', '2021-08-01 15:56:31', 0, 1);
INSERT INTO `sys_log` VALUES (1126, '2', '查询菜单', '192.168.31.70', '内网IP', '/menus/treePage', 'GET', '', 9, '{\"code\":0,\"msg\":\"请求成功\",\"data\":[{\"id\":1,\"parentId\":0,\"children\":[{\"id\":2,\"parentId\":1,\"children\":[{\"id\":7,\"parentId\":2,\"children\":[],\"menuName\":\"用户查询\",\"url\":\"\",\"permission\":\"sys:user:view\",\"type\":\"1\",\"component\":null,\"keepAlive\":null,\"icon\":null,\"status\":1,\"sort\":null},{\"id\":8,\"parentId\":2,\"children\":[],\"menuName\":\"用户新增\",\"url\":\"\",\"permission\":\"sys:user:add\",\"type\":\"1\",\"component\":null,\"keepAlive\":null,\"icon\":null,\"status\":1,\"sort\":null},{\"id\":14,\"parentId\":2,\"children\":[],\"menuName\":\"更新用户\",\"url\":\"\",\"permission\":\"sys:user:update\",\"type\":\"1\",\"component\":null,\"keepAlive\":null,\"icon\":\"\",\"status\":1,\"sort\":null},{\"id\":34,\"parentId\":2,\"children\":[],\"menuName\":\"用户删除\",\"url\":\"\",\"permission\":\"sys:user:delete\",\"type\":\"1\",\"component\":null,\"keepAlive\":null,\"icon\":\"\",\"status\":null,\"sort\":null}],\"menuName\":\"用户管理\",\"url\":\"/user\",\"permission\":\"\",\"type\":\"0\",\"component\":null,\"keepAlive\":null,\"icon\":\"el-icon-user\",\"status\":1,\"sort\":1},{\"id\":9,\"parentId\":1,\"children\":[{\"id\":16,\"parentId\":9,\"children\":[],\"menuName\":\"菜单查询\",\"url\":null,\"permission\":\"sys:menu:view\",\"type\":\"1\",\"component\":null,\"keepAlive\":null,\"icon\":null,\"status\":1,\"sort\":null},{\"id\":18,\"parentId\":9,\"children\":[],\"menuName\":\"菜单新增\",\"url\":null,\"permission\":\"sys:menu:add\",\"type\":\"1\",\"component\":null,\"keepAlive\":null,\"icon\":null,\"status\":1,\"sort\":null},{\"id\":21,\"parentId\":9,\"children\":[],\"menuName\":\"菜单修改\",\"url\":\"\",\"permission\":\"sys:menu:update\",\"type\":\"1\",\"component\":null,\"keepAlive\":null,\"icon\":\"\",\"status\":1,\"sort\":null},{\"id\":22,\"parentId\":9,\"children\":[],\"menuName\":\"菜单删除\",\"url\":\"\",\"permission\":\"sys:menu:delete\",\"type\":\"1\",\"component\":null,\"keepAlive\":null,\"icon\":\"\",\"status\":1,\"sort\":null}],\"menuName\":\"菜单管理\",\"url\":\"/menu\",\"permission\":null,\"type\":\"0\",\"component\":null,\"keepAlive\":null,\"icon\":\"el-icon-menu\",\"status\":1,\"sort\":5},{\"id\":29,\"parentId\":1,\"children\":[{\"id\":30,\"parentId\":29,\"children\":[],\"menuName\":\"角色查询\",\"url\":\"\",\"permission\":\"sys:role:view\",\"type\":\"1\",\"component\":null,\"keepAlive\":null,\"icon\":\"\",\"status\":null,\"sort\":null},{\"id\":31,\"parentId\":29,\"children\":[],\"menuName\":\"角色修改\",\"url\":\"\",\"permission\":\"sys:role:update\",\"type\":\"1\",\"component\":null,\"keepAlive\":null,\"icon\":\"\",\"status\":null,\"sort\":null},{\"id\":32,\"parentId\":29,\"children\":[],\"menuName\":\"角色删除\",\"url\":\"\",\"permission\":\"sys:role:delete\",\"type\":\"1\",\"component\":null,\"keepAlive\":null,\"icon\":\"\",\"status\":null,\"sort\":null},{\"id\":33,\"parentId\":29,\"children\":[],\"menuName\":\"角色新增\",\"url\":\"\",\"permission\":\"sys:role:add\",\"type\":\"1\",\"component\":null,\"keepAlive\":null,\"icon\":\"\",\"status\":null,\"sort\":null},{\"id\":35,\"parentId\":29,\"children\":[],\"menuName\":\"分配权限\",\"url\":\"\",\"permission\":\"sys:permission:update\",\"type\":\"1\",\"component\":null,\"keepAlive\":null,\"icon\":\"\",\"status\":null,\"sort\":null}],\"menuName\":\"角色管理\",\"url\":\"/role\",\"permission\":\"\",\"type\":\"0\",\"component\":null,\"keepAlive\":null,\"icon\":\"el-icon-s-custom\",\"status\":null,\"sort\":null},{\"id\":39,\"parentId\":1,\"children\":[],\"menuName\":\"租户管理\",\"url\":\"/tenant\",\"permission\":\"\",\"type\":\"0\",\"component\":null,\"keepAlive\":null,\"icon\":\"el-icon-s-custom\",\"status\":1,\"sort\":null},{\"id\":41,\"parentId\":1,\"children\":[],\"menuName\":\"机构管理\",\"url\":\"/org\",\"permission\":\"\",\"type\":\"0\",\"component\":null,\"keepAlive\":null,\"icon\":\"el-icon-s-home\",\"status\":1,\"sort\":null}],\"menuName\":\"权限管理\",\"url\":\"/\",\"permission\":null,\"type\":\"0\",\"component\":null,\"keepAlive\":null,\"icon\":\"el-icon-setting\",\"status\":1,\"sort\":1},{\"id\":37,\"parentId\":0,\"children\":[],\"menuName\":\"百度\",\"url\":\"http://www.baidu.com\",\"permission\":\"\",\"type\":\"0\",\"component\":null,\"keepAlive\":null,\"icon\":\"el-icon-eleme\",\"status\":null,\"sort\":null},{\"id\":38,\"parentId\":0,\"children\":[],\"menuName\":\"腾讯网\",\"url\":\"http://qq.com\",\"permission\":\"\",\"type\":\"0\",\"component\":null,\"keepAlive\":null,\"icon\":\"el-icon-eleme\",\"status\":1,\"sort\":null},{\"id\":42,\"parentId\":0,\"children\":[{\"id\":3,\"parentId\":42,\"children\":[{\"id\":36,\"parentId\":3,\"children\":[],\"menuName\":\"日志查询\",\"url\":\"\",\"permission\":\"sys:log:view\",\"type\":\"1\",\"component\":null,\"keepAlive\":null,\"icon\":\"\",\"status\":null,\"sort\":null},{\"id\":53,\"parentId\":3,\"children\":[],\"menuName\":\"日志删除\",\"url\":null,\"permission\":\"sys:log:delete\",\"type\":\"1\",\"component\":null,\"keepAlive\":null,\"icon\":null,\"status\":1,\"sort\":null}],\"menuName\":\"系统日志\",\"url\":\"/log\",\"permission\":\"\",\"type\":\"0\",\"component\":null,\"keepAlive\":null,\"icon\":\"el-icon-tickets\",\"status\":1,\"sort\":2}],\"menuName\":\"系统监控\",\"url\":\"/monitor\",\"permission\":null,\"type\":\"0\",\"component\":null,\"keepAlive\":null,\"icon\":\"el-icon-monitor\",\"status\":1,\"sort\":null},{\"id\":43,\"parentId\":0,\"children\":[{\"id\":44,\"parentId\":43,\"children\":[{\"id\":47,\"parentId\":44,\"children\":[],\"menuName\":\"查询\",\"url\":null,\"permission\":\"sys:job:view\",\"type\":\"1\",\"component\":null,\"keepAlive\":null,\"icon\":null,\"status\":1,\"sort\":null},{\"id\":48,\"parentId\":44,\"children\":[],\"menuName\":\"修改/新增\",\"url\":null,\"permission\":\"sys:job:add\",\"type\":\"1\",\"component\":null,\"keepAlive\":null,\"icon\":null,\"status\":1,\"sort\":null},{\"id\":49,\"parentId\":44,\"children\":[],\"menuName\":\"删除任务\",\"url\":null,\"permission\":\"sys:job:delete\",\"type\":\"1\",\"component\":null,\"keepAlive\":null,\"icon\":null,\"status\":1,\"sort\":null},{\"id\":50,\"parentId\":44,\"children\":[],\"menuName\":\"手动执行一次任务\",\"url\":null,\"permission\":\"sys:job:trigger\",\"type\":\"1\",\"component\":null,\"keepAlive\":null,\"icon\":null,\"status\":1,\"sort\":null},{\"id\":51,\"parentId\":44,\"children\":[],\"menuName\":\"暂停任务\",\"url\":null,\"permission\":\"sys:job:pause\",\"type\":\"1\",\"component\":null,\"keepAlive\":null,\"icon\":null,\"status\":1,\"sort\":null},{\"id\":52,\"parentId\":44,\"children\":[],\"menuName\":\"恢复任务\",\"url\":null,\"permission\":\"sys:job:resume\",\"type\":\"1\",\"component\":null,\"keepAlive\":null,\"icon\":null,\"status\":1,\"sort\":null}],\"menuName\":\"任务管理\",\"url\":\"/job\",\"permission\":null,\"type\":\"0\",\"component\":null,\"keepAlive\":null,\"icon\":\"el-icon-time\",\"status\":1,\"sort\":null},{\"id\":46,\"parentId\":43,\"children\":[],\"menuName\":\"代码生成\",\"url\":\"/gen\",\"permission\":null,\"type\":\"0\",\"component\":null,\"keepAlive\":null,\"icon\":\"el-icon-set-up\",\"status\":1,\"sort\":null}],\"menuName\":\"系统工具\",\"url\":\"\",\"permission\":null,\"type\":\"0\",\"component\":null,\"keepAlive\":null,\"icon\":\"el-icon-suitcase-1\",\"status\":1,\"sort\":null}]}', 'admin', '2021-08-01 15:56:33', '2021-08-01 15:56:33', 0, 1);
INSERT INTO `sys_log` VALUES (1127, '2', '新增菜单', '192.168.31.70', '内网IP', '/menus', 'POST', '', 30, '{\"code\":0,\"msg\":\"请求成功\",\"data\":true}', 'admin', '2021-08-01 15:57:03', '2021-08-01 15:57:03', 0, 1);
INSERT INTO `sys_log` VALUES (1128, '2', '查询菜单', '192.168.31.70', '内网IP', '/menus/treePage', 'GET', '', 8, '{\"code\":0,\"msg\":\"请求成功\",\"data\":[{\"id\":1,\"parentId\":0,\"children\":[{\"id\":2,\"parentId\":1,\"children\":[{\"id\":7,\"parentId\":2,\"children\":[],\"menuName\":\"用户查询\",\"url\":\"\",\"permission\":\"sys:user:view\",\"type\":\"1\",\"component\":null,\"keepAlive\":null,\"icon\":null,\"status\":1,\"sort\":null},{\"id\":8,\"parentId\":2,\"children\":[],\"menuName\":\"用户新增\",\"url\":\"\",\"permission\":\"sys:user:add\",\"type\":\"1\",\"component\":null,\"keepAlive\":null,\"icon\":null,\"status\":1,\"sort\":null},{\"id\":14,\"parentId\":2,\"children\":[],\"menuName\":\"更新用户\",\"url\":\"\",\"permission\":\"sys:user:update\",\"type\":\"1\",\"component\":null,\"keepAlive\":null,\"icon\":\"\",\"status\":1,\"sort\":null},{\"id\":34,\"parentId\":2,\"children\":[],\"menuName\":\"用户删除\",\"url\":\"\",\"permission\":\"sys:user:delete\",\"type\":\"1\",\"component\":null,\"keepAlive\":null,\"icon\":\"\",\"status\":null,\"sort\":null}],\"menuName\":\"用户管理\",\"url\":\"/user\",\"permission\":\"\",\"type\":\"0\",\"component\":null,\"keepAlive\":null,\"icon\":\"el-icon-user\",\"status\":1,\"sort\":1},{\"id\":9,\"parentId\":1,\"children\":[{\"id\":16,\"parentId\":9,\"children\":[],\"menuName\":\"菜单查询\",\"url\":null,\"permission\":\"sys:menu:view\",\"type\":\"1\",\"component\":null,\"keepAlive\":null,\"icon\":null,\"status\":1,\"sort\":null},{\"id\":18,\"parentId\":9,\"children\":[],\"menuName\":\"菜单新增\",\"url\":null,\"permission\":\"sys:menu:add\",\"type\":\"1\",\"component\":null,\"keepAlive\":null,\"icon\":null,\"status\":1,\"sort\":null},{\"id\":21,\"parentId\":9,\"children\":[],\"menuName\":\"菜单修改\",\"url\":\"\",\"permission\":\"sys:menu:update\",\"type\":\"1\",\"component\":null,\"keepAlive\":null,\"icon\":\"\",\"status\":1,\"sort\":null},{\"id\":22,\"parentId\":9,\"children\":[],\"menuName\":\"菜单删除\",\"url\":\"\",\"permission\":\"sys:menu:delete\",\"type\":\"1\",\"component\":null,\"keepAlive\":null,\"icon\":\"\",\"status\":1,\"sort\":null}],\"menuName\":\"菜单管理\",\"url\":\"/menu\",\"permission\":null,\"type\":\"0\",\"component\":null,\"keepAlive\":null,\"icon\":\"el-icon-menu\",\"status\":1,\"sort\":5},{\"id\":29,\"parentId\":1,\"children\":[{\"id\":30,\"parentId\":29,\"children\":[],\"menuName\":\"角色查询\",\"url\":\"\",\"permission\":\"sys:role:view\",\"type\":\"1\",\"component\":null,\"keepAlive\":null,\"icon\":\"\",\"status\":null,\"sort\":null},{\"id\":31,\"parentId\":29,\"children\":[],\"menuName\":\"角色修改\",\"url\":\"\",\"permission\":\"sys:role:update\",\"type\":\"1\",\"component\":null,\"keepAlive\":null,\"icon\":\"\",\"status\":null,\"sort\":null},{\"id\":32,\"parentId\":29,\"children\":[],\"menuName\":\"角色删除\",\"url\":\"\",\"permission\":\"sys:role:delete\",\"type\":\"1\",\"component\":null,\"keepAlive\":null,\"icon\":\"\",\"status\":null,\"sort\":null},{\"id\":33,\"parentId\":29,\"children\":[],\"menuName\":\"角色新增\",\"url\":\"\",\"permission\":\"sys:role:add\",\"type\":\"1\",\"component\":null,\"keepAlive\":null,\"icon\":\"\",\"status\":null,\"sort\":null},{\"id\":35,\"parentId\":29,\"children\":[],\"menuName\":\"分配权限\",\"url\":\"\",\"permission\":\"sys:permission:update\",\"type\":\"1\",\"component\":null,\"keepAlive\":null,\"icon\":\"\",\"status\":null,\"sort\":null}],\"menuName\":\"角色管理\",\"url\":\"/role\",\"permission\":\"\",\"type\":\"0\",\"component\":null,\"keepAlive\":null,\"icon\":\"el-icon-s-custom\",\"status\":null,\"sort\":null},{\"id\":39,\"parentId\":1,\"children\":[],\"menuName\":\"租户管理\",\"url\":\"/tenant\",\"permission\":\"\",\"type\":\"0\",\"component\":null,\"keepAlive\":null,\"icon\":\"el-icon-s-custom\",\"status\":1,\"sort\":null},{\"id\":41,\"parentId\":1,\"children\":[],\"menuName\":\"机构管理\",\"url\":\"/org\",\"permission\":\"\",\"type\":\"0\",\"component\":null,\"keepAlive\":null,\"icon\":\"el-icon-s-home\",\"status\":1,\"sort\":null}],\"menuName\":\"权限管理\",\"url\":\"/\",\"permission\":null,\"type\":\"0\",\"component\":null,\"keepAlive\":null,\"icon\":\"el-icon-setting\",\"status\":1,\"sort\":1},{\"id\":37,\"parentId\":0,\"children\":[],\"menuName\":\"百度\",\"url\":\"http://www.baidu.com\",\"permission\":\"\",\"type\":\"0\",\"component\":null,\"keepAlive\":null,\"icon\":\"el-icon-eleme\",\"status\":null,\"sort\":null},{\"id\":38,\"parentId\":0,\"children\":[],\"menuName\":\"腾讯网\",\"url\":\"http://qq.com\",\"permission\":\"\",\"type\":\"0\",\"component\":null,\"keepAlive\":null,\"icon\":\"el-icon-eleme\",\"status\":1,\"sort\":null},{\"id\":42,\"parentId\":0,\"children\":[{\"id\":3,\"parentId\":42,\"children\":[{\"id\":36,\"parentId\":3,\"children\":[],\"menuName\":\"日志查询\",\"url\":\"\",\"permission\":\"sys:log:view\",\"type\":\"1\",\"component\":null,\"keepAlive\":null,\"icon\":\"\",\"status\":null,\"sort\":null},{\"id\":53,\"parentId\":3,\"children\":[],\"menuName\":\"日志删除\",\"url\":null,\"permission\":\"sys:log:delete\",\"type\":\"1\",\"component\":null,\"keepAlive\":null,\"icon\":null,\"status\":1,\"sort\":null}],\"menuName\":\"系统日志\",\"url\":\"/log\",\"permission\":\"\",\"type\":\"0\",\"component\":null,\"keepAlive\":null,\"icon\":\"el-icon-tickets\",\"status\":1,\"sort\":2}],\"menuName\":\"系统监控\",\"url\":\"/monitor\",\"permission\":null,\"type\":\"0\",\"component\":null,\"keepAlive\":null,\"icon\":\"el-icon-monitor\",\"status\":1,\"sort\":null},{\"id\":43,\"parentId\":0,\"children\":[{\"id\":44,\"parentId\":43,\"children\":[{\"id\":47,\"parentId\":44,\"children\":[],\"menuName\":\"查询\",\"url\":null,\"permission\":\"sys:job:view\",\"type\":\"1\",\"component\":null,\"keepAlive\":null,\"icon\":null,\"status\":1,\"sort\":null},{\"id\":48,\"parentId\":44,\"children\":[],\"menuName\":\"修改/新增\",\"url\":null,\"permission\":\"sys:job:add\",\"type\":\"1\",\"component\":null,\"keepAlive\":null,\"icon\":null,\"status\":1,\"sort\":null},{\"id\":49,\"parentId\":44,\"children\":[],\"menuName\":\"删除任务\",\"url\":null,\"permission\":\"sys:job:delete\",\"type\":\"1\",\"component\":null,\"keepAlive\":null,\"icon\":null,\"status\":1,\"sort\":null},{\"id\":50,\"parentId\":44,\"children\":[],\"menuName\":\"手动执行一次任务\",\"url\":null,\"permission\":\"sys:job:trigger\",\"type\":\"1\",\"component\":null,\"keepAlive\":null,\"icon\":null,\"status\":1,\"sort\":null},{\"id\":51,\"parentId\":44,\"children\":[],\"menuName\":\"暂停任务\",\"url\":null,\"permission\":\"sys:job:pause\",\"type\":\"1\",\"component\":null,\"keepAlive\":null,\"icon\":null,\"status\":1,\"sort\":null},{\"id\":52,\"parentId\":44,\"children\":[],\"menuName\":\"恢复任务\",\"url\":null,\"permission\":\"sys:job:resume\",\"type\":\"1\",\"component\":null,\"keepAlive\":null,\"icon\":null,\"status\":1,\"sort\":null}],\"menuName\":\"任务管理\",\"url\":\"/job\",\"permission\":null,\"type\":\"0\",\"component\":null,\"keepAlive\":null,\"icon\":\"el-icon-time\",\"status\":1,\"sort\":null},{\"id\":46,\"parentId\":43,\"children\":[],\"menuName\":\"代码生成\",\"url\":\"/gen\",\"permission\":null,\"type\":\"0\",\"component\":null,\"keepAlive\":null,\"icon\":\"el-icon-set-up\",\"status\":1,\"sort\":null}],\"menuName\":\"系统工具\",\"url\":\"\",\"permission\":null,\"type\":\"0\",\"component\":null,\"keepAlive\":null,\"icon\":\"el-icon-suitcase-1\",\"status\":1,\"sort\":null},{\"id\":54,\"parentId\":0,\"children\":[],\"menuName\":\"OA办公\",\"url\":null,\"permission\":null,\"type\":\"0\",\"component\":null,\"keepAlive\":null,\"icon\":null,\"status\":1,\"sort\":null}]}', 'admin', '2021-08-01 15:57:03', '2021-08-01 15:57:03', 0, 1);
INSERT INTO `sys_log` VALUES (1129, '2', '修改菜单', '192.168.31.70', '内网IP', '/menus', 'PUT', '', 32, '{\"code\":0,\"msg\":\"请求成功\",\"data\":true}', 'admin', '2021-08-01 15:57:32', '2021-08-01 15:57:32', 0, 1);
INSERT INTO `sys_log` VALUES (1130, '2', '查询菜单', '192.168.31.70', '内网IP', '/menus/treePage', 'GET', '', 15, '{\"code\":0,\"msg\":\"请求成功\",\"data\":[{\"id\":1,\"parentId\":0,\"children\":[{\"id\":2,\"parentId\":1,\"children\":[{\"id\":7,\"parentId\":2,\"children\":[],\"menuName\":\"用户查询\",\"url\":\"\",\"permission\":\"sys:user:view\",\"type\":\"1\",\"component\":null,\"keepAlive\":null,\"icon\":null,\"status\":1,\"sort\":null},{\"id\":8,\"parentId\":2,\"children\":[],\"menuName\":\"用户新增\",\"url\":\"\",\"permission\":\"sys:user:add\",\"type\":\"1\",\"component\":null,\"keepAlive\":null,\"icon\":null,\"status\":1,\"sort\":null},{\"id\":14,\"parentId\":2,\"children\":[],\"menuName\":\"更新用户\",\"url\":\"\",\"permission\":\"sys:user:update\",\"type\":\"1\",\"component\":null,\"keepAlive\":null,\"icon\":\"\",\"status\":1,\"sort\":null},{\"id\":34,\"parentId\":2,\"children\":[],\"menuName\":\"用户删除\",\"url\":\"\",\"permission\":\"sys:user:delete\",\"type\":\"1\",\"component\":null,\"keepAlive\":null,\"icon\":\"\",\"status\":null,\"sort\":null}],\"menuName\":\"用户管理\",\"url\":\"/user\",\"permission\":\"\",\"type\":\"0\",\"component\":null,\"keepAlive\":null,\"icon\":\"el-icon-user\",\"status\":1,\"sort\":1},{\"id\":9,\"parentId\":1,\"children\":[{\"id\":16,\"parentId\":9,\"children\":[],\"menuName\":\"菜单查询\",\"url\":null,\"permission\":\"sys:menu:view\",\"type\":\"1\",\"component\":null,\"keepAlive\":null,\"icon\":null,\"status\":1,\"sort\":null},{\"id\":18,\"parentId\":9,\"children\":[],\"menuName\":\"菜单新增\",\"url\":null,\"permission\":\"sys:menu:add\",\"type\":\"1\",\"component\":null,\"keepAlive\":null,\"icon\":null,\"status\":1,\"sort\":null},{\"id\":21,\"parentId\":9,\"children\":[],\"menuName\":\"菜单修改\",\"url\":\"\",\"permission\":\"sys:menu:update\",\"type\":\"1\",\"component\":null,\"keepAlive\":null,\"icon\":\"\",\"status\":1,\"sort\":null},{\"id\":22,\"parentId\":9,\"children\":[],\"menuName\":\"菜单删除\",\"url\":\"\",\"permission\":\"sys:menu:delete\",\"type\":\"1\",\"component\":null,\"keepAlive\":null,\"icon\":\"\",\"status\":1,\"sort\":null}],\"menuName\":\"菜单管理\",\"url\":\"/menu\",\"permission\":null,\"type\":\"0\",\"component\":null,\"keepAlive\":null,\"icon\":\"el-icon-menu\",\"status\":1,\"sort\":5},{\"id\":29,\"parentId\":1,\"children\":[{\"id\":30,\"parentId\":29,\"children\":[],\"menuName\":\"角色查询\",\"url\":\"\",\"permission\":\"sys:role:view\",\"type\":\"1\",\"component\":null,\"keepAlive\":null,\"icon\":\"\",\"status\":null,\"sort\":null},{\"id\":31,\"parentId\":29,\"children\":[],\"menuName\":\"角色修改\",\"url\":\"\",\"permission\":\"sys:role:update\",\"type\":\"1\",\"component\":null,\"keepAlive\":null,\"icon\":\"\",\"status\":null,\"sort\":null},{\"id\":32,\"parentId\":29,\"children\":[],\"menuName\":\"角色删除\",\"url\":\"\",\"permission\":\"sys:role:delete\",\"type\":\"1\",\"component\":null,\"keepAlive\":null,\"icon\":\"\",\"status\":null,\"sort\":null},{\"id\":33,\"parentId\":29,\"children\":[],\"menuName\":\"角色新增\",\"url\":\"\",\"permission\":\"sys:role:add\",\"type\":\"1\",\"component\":null,\"keepAlive\":null,\"icon\":\"\",\"status\":null,\"sort\":null},{\"id\":35,\"parentId\":29,\"children\":[],\"menuName\":\"分配权限\",\"url\":\"\",\"permission\":\"sys:permission:update\",\"type\":\"1\",\"component\":null,\"keepAlive\":null,\"icon\":\"\",\"status\":null,\"sort\":null}],\"menuName\":\"角色管理\",\"url\":\"/role\",\"permission\":\"\",\"type\":\"0\",\"component\":null,\"keepAlive\":null,\"icon\":\"el-icon-s-custom\",\"status\":null,\"sort\":null},{\"id\":39,\"parentId\":1,\"children\":[],\"menuName\":\"租户管理\",\"url\":\"/tenant\",\"permission\":\"\",\"type\":\"0\",\"component\":null,\"keepAlive\":null,\"icon\":\"el-icon-s-custom\",\"status\":1,\"sort\":null},{\"id\":41,\"parentId\":1,\"children\":[],\"menuName\":\"机构管理\",\"url\":\"/org\",\"permission\":\"\",\"type\":\"0\",\"component\":null,\"keepAlive\":null,\"icon\":\"el-icon-s-home\",\"status\":1,\"sort\":null}],\"menuName\":\"权限管理\",\"url\":\"/\",\"permission\":null,\"type\":\"0\",\"component\":null,\"keepAlive\":null,\"icon\":\"el-icon-setting\",\"status\":1,\"sort\":1},{\"id\":37,\"parentId\":0,\"children\":[],\"menuName\":\"百度\",\"url\":\"http://www.baidu.com\",\"permission\":\"\",\"type\":\"0\",\"component\":null,\"keepAlive\":null,\"icon\":\"el-icon-eleme\",\"status\":null,\"sort\":null},{\"id\":38,\"parentId\":0,\"children\":[],\"menuName\":\"腾讯网\",\"url\":\"http://qq.com\",\"permission\":\"\",\"type\":\"0\",\"component\":null,\"keepAlive\":null,\"icon\":\"el-icon-eleme\",\"status\":1,\"sort\":null},{\"id\":42,\"parentId\":0,\"children\":[{\"id\":3,\"parentId\":42,\"children\":[{\"id\":36,\"parentId\":3,\"children\":[],\"menuName\":\"日志查询\",\"url\":\"\",\"permission\":\"sys:log:view\",\"type\":\"1\",\"component\":null,\"keepAlive\":null,\"icon\":\"\",\"status\":null,\"sort\":null},{\"id\":53,\"parentId\":3,\"children\":[],\"menuName\":\"日志删除\",\"url\":null,\"permission\":\"sys:log:delete\",\"type\":\"1\",\"component\":null,\"keepAlive\":null,\"icon\":null,\"status\":1,\"sort\":null}],\"menuName\":\"系统日志\",\"url\":\"/log\",\"permission\":\"\",\"type\":\"0\",\"component\":null,\"keepAlive\":null,\"icon\":\"el-icon-tickets\",\"status\":1,\"sort\":2}],\"menuName\":\"系统监控\",\"url\":\"/monitor\",\"permission\":null,\"type\":\"0\",\"component\":null,\"keepAlive\":null,\"icon\":\"el-icon-monitor\",\"status\":1,\"sort\":null},{\"id\":43,\"parentId\":0,\"children\":[{\"id\":44,\"parentId\":43,\"children\":[{\"id\":47,\"parentId\":44,\"children\":[],\"menuName\":\"查询\",\"url\":null,\"permission\":\"sys:job:view\",\"type\":\"1\",\"component\":null,\"keepAlive\":null,\"icon\":null,\"status\":1,\"sort\":null},{\"id\":48,\"parentId\":44,\"children\":[],\"menuName\":\"修改/新增\",\"url\":null,\"permission\":\"sys:job:add\",\"type\":\"1\",\"component\":null,\"keepAlive\":null,\"icon\":null,\"status\":1,\"sort\":null},{\"id\":49,\"parentId\":44,\"children\":[],\"menuName\":\"删除任务\",\"url\":null,\"permission\":\"sys:job:delete\",\"type\":\"1\",\"component\":null,\"keepAlive\":null,\"icon\":null,\"status\":1,\"sort\":null},{\"id\":50,\"parentId\":44,\"children\":[],\"menuName\":\"手动执行一次任务\",\"url\":null,\"permission\":\"sys:job:trigger\",\"type\":\"1\",\"component\":null,\"keepAlive\":null,\"icon\":null,\"status\":1,\"sort\":null},{\"id\":51,\"parentId\":44,\"children\":[],\"menuName\":\"暂停任务\",\"url\":null,\"permission\":\"sys:job:pause\",\"type\":\"1\",\"component\":null,\"keepAlive\":null,\"icon\":null,\"status\":1,\"sort\":null},{\"id\":52,\"parentId\":44,\"children\":[],\"menuName\":\"恢复任务\",\"url\":null,\"permission\":\"sys:job:resume\",\"type\":\"1\",\"component\":null,\"keepAlive\":null,\"icon\":null,\"status\":1,\"sort\":null}],\"menuName\":\"任务管理\",\"url\":\"/job\",\"permission\":null,\"type\":\"0\",\"component\":null,\"keepAlive\":null,\"icon\":\"el-icon-time\",\"status\":1,\"sort\":null},{\"id\":46,\"parentId\":43,\"children\":[],\"menuName\":\"代码生成\",\"url\":\"/gen\",\"permission\":null,\"type\":\"0\",\"component\":null,\"keepAlive\":null,\"icon\":\"el-icon-set-up\",\"status\":1,\"sort\":null}],\"menuName\":\"系统工具\",\"url\":\"\",\"permission\":null,\"type\":\"0\",\"component\":null,\"keepAlive\":null,\"icon\":\"el-icon-suitcase-1\",\"status\":1,\"sort\":null},{\"id\":54,\"parentId\":0,\"children\":[],\"menuName\":\"OA办公\",\"url\":\"/oa\",\"permission\":null,\"type\":\"0\",\"component\":null,\"keepAlive\":null,\"icon\":null,\"status\":1,\"sort\":null}]}', 'admin', '2021-08-01 15:57:32', '2021-08-01 15:57:32', 0, 1);
INSERT INTO `sys_log` VALUES (1131, '2', '修改菜单', '192.168.31.70', '内网IP', '/menus', 'PUT', '', 3, '{\"code\":0,\"msg\":\"请求成功\",\"data\":true}', 'admin', '2021-08-01 15:57:47', '2021-08-01 15:57:47', 0, 1);
INSERT INTO `sys_log` VALUES (1132, '2', '查询菜单', '192.168.31.70', '内网IP', '/menus/treePage', 'GET', '', 5, '{\"code\":0,\"msg\":\"请求成功\",\"data\":[{\"id\":1,\"parentId\":0,\"children\":[{\"id\":2,\"parentId\":1,\"children\":[{\"id\":7,\"parentId\":2,\"children\":[],\"menuName\":\"用户查询\",\"url\":\"\",\"permission\":\"sys:user:view\",\"type\":\"1\",\"component\":null,\"keepAlive\":null,\"icon\":null,\"status\":1,\"sort\":null},{\"id\":8,\"parentId\":2,\"children\":[],\"menuName\":\"用户新增\",\"url\":\"\",\"permission\":\"sys:user:add\",\"type\":\"1\",\"component\":null,\"keepAlive\":null,\"icon\":null,\"status\":1,\"sort\":null},{\"id\":14,\"parentId\":2,\"children\":[],\"menuName\":\"更新用户\",\"url\":\"\",\"permission\":\"sys:user:update\",\"type\":\"1\",\"component\":null,\"keepAlive\":null,\"icon\":\"\",\"status\":1,\"sort\":null},{\"id\":34,\"parentId\":2,\"children\":[],\"menuName\":\"用户删除\",\"url\":\"\",\"permission\":\"sys:user:delete\",\"type\":\"1\",\"component\":null,\"keepAlive\":null,\"icon\":\"\",\"status\":null,\"sort\":null}],\"menuName\":\"用户管理\",\"url\":\"/user\",\"permission\":\"\",\"type\":\"0\",\"component\":null,\"keepAlive\":null,\"icon\":\"el-icon-user\",\"status\":1,\"sort\":1},{\"id\":9,\"parentId\":1,\"children\":[{\"id\":16,\"parentId\":9,\"children\":[],\"menuName\":\"菜单查询\",\"url\":null,\"permission\":\"sys:menu:view\",\"type\":\"1\",\"component\":null,\"keepAlive\":null,\"icon\":null,\"status\":1,\"sort\":null},{\"id\":18,\"parentId\":9,\"children\":[],\"menuName\":\"菜单新增\",\"url\":null,\"permission\":\"sys:menu:add\",\"type\":\"1\",\"component\":null,\"keepAlive\":null,\"icon\":null,\"status\":1,\"sort\":null},{\"id\":21,\"parentId\":9,\"children\":[],\"menuName\":\"菜单修改\",\"url\":\"\",\"permission\":\"sys:menu:update\",\"type\":\"1\",\"component\":null,\"keepAlive\":null,\"icon\":\"\",\"status\":1,\"sort\":null},{\"id\":22,\"parentId\":9,\"children\":[],\"menuName\":\"菜单删除\",\"url\":\"\",\"permission\":\"sys:menu:delete\",\"type\":\"1\",\"component\":null,\"keepAlive\":null,\"icon\":\"\",\"status\":1,\"sort\":null}],\"menuName\":\"菜单管理\",\"url\":\"/menu\",\"permission\":null,\"type\":\"0\",\"component\":null,\"keepAlive\":null,\"icon\":\"el-icon-menu\",\"status\":1,\"sort\":5},{\"id\":29,\"parentId\":1,\"children\":[{\"id\":30,\"parentId\":29,\"children\":[],\"menuName\":\"角色查询\",\"url\":\"\",\"permission\":\"sys:role:view\",\"type\":\"1\",\"component\":null,\"keepAlive\":null,\"icon\":\"\",\"status\":null,\"sort\":null},{\"id\":31,\"parentId\":29,\"children\":[],\"menuName\":\"角色修改\",\"url\":\"\",\"permission\":\"sys:role:update\",\"type\":\"1\",\"component\":null,\"keepAlive\":null,\"icon\":\"\",\"status\":null,\"sort\":null},{\"id\":32,\"parentId\":29,\"children\":[],\"menuName\":\"角色删除\",\"url\":\"\",\"permission\":\"sys:role:delete\",\"type\":\"1\",\"component\":null,\"keepAlive\":null,\"icon\":\"\",\"status\":null,\"sort\":null},{\"id\":33,\"parentId\":29,\"children\":[],\"menuName\":\"角色新增\",\"url\":\"\",\"permission\":\"sys:role:add\",\"type\":\"1\",\"component\":null,\"keepAlive\":null,\"icon\":\"\",\"status\":null,\"sort\":null},{\"id\":35,\"parentId\":29,\"children\":[],\"menuName\":\"分配权限\",\"url\":\"\",\"permission\":\"sys:permission:update\",\"type\":\"1\",\"component\":null,\"keepAlive\":null,\"icon\":\"\",\"status\":null,\"sort\":null}],\"menuName\":\"角色管理\",\"url\":\"/role\",\"permission\":\"\",\"type\":\"0\",\"component\":null,\"keepAlive\":null,\"icon\":\"el-icon-s-custom\",\"status\":null,\"sort\":null},{\"id\":39,\"parentId\":1,\"children\":[],\"menuName\":\"租户管理\",\"url\":\"/tenant\",\"permission\":\"\",\"type\":\"0\",\"component\":null,\"keepAlive\":null,\"icon\":\"el-icon-s-custom\",\"status\":1,\"sort\":null},{\"id\":41,\"parentId\":1,\"children\":[],\"menuName\":\"机构管理\",\"url\":\"/org\",\"permission\":\"\",\"type\":\"0\",\"component\":null,\"keepAlive\":null,\"icon\":\"el-icon-s-home\",\"status\":1,\"sort\":null}],\"menuName\":\"权限管理\",\"url\":\"/\",\"permission\":null,\"type\":\"0\",\"component\":null,\"keepAlive\":null,\"icon\":\"el-icon-setting\",\"status\":1,\"sort\":1},{\"id\":37,\"parentId\":0,\"children\":[],\"menuName\":\"百度\",\"url\":\"http://www.baidu.com\",\"permission\":\"\",\"type\":\"0\",\"component\":null,\"keepAlive\":null,\"icon\":\"el-icon-eleme\",\"status\":null,\"sort\":null},{\"id\":38,\"parentId\":0,\"children\":[],\"menuName\":\"腾讯网\",\"url\":\"http://qq.com\",\"permission\":\"\",\"type\":\"0\",\"component\":null,\"keepAlive\":null,\"icon\":\"el-icon-eleme\",\"status\":1,\"sort\":null},{\"id\":42,\"parentId\":0,\"children\":[{\"id\":3,\"parentId\":42,\"children\":[{\"id\":36,\"parentId\":3,\"children\":[],\"menuName\":\"日志查询\",\"url\":\"\",\"permission\":\"sys:log:view\",\"type\":\"1\",\"component\":null,\"keepAlive\":null,\"icon\":\"\",\"status\":null,\"sort\":null},{\"id\":53,\"parentId\":3,\"children\":[],\"menuName\":\"日志删除\",\"url\":null,\"permission\":\"sys:log:delete\",\"type\":\"1\",\"component\":null,\"keepAlive\":null,\"icon\":null,\"status\":1,\"sort\":null}],\"menuName\":\"系统日志\",\"url\":\"/log\",\"permission\":\"\",\"type\":\"0\",\"component\":null,\"keepAlive\":null,\"icon\":\"el-icon-tickets\",\"status\":1,\"sort\":2}],\"menuName\":\"系统监控\",\"url\":\"/monitor\",\"permission\":null,\"type\":\"0\",\"component\":null,\"keepAlive\":null,\"icon\":\"el-icon-monitor\",\"status\":1,\"sort\":null},{\"id\":43,\"parentId\":0,\"children\":[{\"id\":44,\"parentId\":43,\"children\":[{\"id\":47,\"parentId\":44,\"children\":[],\"menuName\":\"查询\",\"url\":null,\"permission\":\"sys:job:view\",\"type\":\"1\",\"component\":null,\"keepAlive\":null,\"icon\":null,\"status\":1,\"sort\":null},{\"id\":48,\"parentId\":44,\"children\":[],\"menuName\":\"修改/新增\",\"url\":null,\"permission\":\"sys:job:add\",\"type\":\"1\",\"component\":null,\"keepAlive\":null,\"icon\":null,\"status\":1,\"sort\":null},{\"id\":49,\"parentId\":44,\"children\":[],\"menuName\":\"删除任务\",\"url\":null,\"permission\":\"sys:job:delete\",\"type\":\"1\",\"component\":null,\"keepAlive\":null,\"icon\":null,\"status\":1,\"sort\":null},{\"id\":50,\"parentId\":44,\"children\":[],\"menuName\":\"手动执行一次任务\",\"url\":null,\"permission\":\"sys:job:trigger\",\"type\":\"1\",\"component\":null,\"keepAlive\":null,\"icon\":null,\"status\":1,\"sort\":null},{\"id\":51,\"parentId\":44,\"children\":[],\"menuName\":\"暂停任务\",\"url\":null,\"permission\":\"sys:job:pause\",\"type\":\"1\",\"component\":null,\"keepAlive\":null,\"icon\":null,\"status\":1,\"sort\":null},{\"id\":52,\"parentId\":44,\"children\":[],\"menuName\":\"恢复任务\",\"url\":null,\"permission\":\"sys:job:resume\",\"type\":\"1\",\"component\":null,\"keepAlive\":null,\"icon\":null,\"status\":1,\"sort\":null}],\"menuName\":\"任务管理\",\"url\":\"/job\",\"permission\":null,\"type\":\"0\",\"component\":null,\"keepAlive\":null,\"icon\":\"el-icon-time\",\"status\":1,\"sort\":null},{\"id\":46,\"parentId\":43,\"children\":[],\"menuName\":\"代码生成\",\"url\":\"/gen\",\"permission\":null,\"type\":\"0\",\"component\":null,\"keepAlive\":null,\"icon\":\"el-icon-set-up\",\"status\":1,\"sort\":null}],\"menuName\":\"系统工具\",\"url\":\"\",\"permission\":null,\"type\":\"0\",\"component\":null,\"keepAlive\":null,\"icon\":\"el-icon-suitcase-1\",\"status\":1,\"sort\":null},{\"id\":54,\"parentId\":0,\"children\":[],\"menuName\":\"OA办公\",\"url\":\"/oa\",\"permission\":null,\"type\":\"0\",\"component\":null,\"keepAlive\":null,\"icon\":null,\"status\":1,\"sort\":null}]}', 'admin', '2021-08-01 15:57:47', '2021-08-01 15:57:47', 0, 1);
INSERT INTO `sys_log` VALUES (1133, '2', '修改菜单', '192.168.31.70', '内网IP', '/menus', 'PUT', '', 24, '{\"code\":0,\"msg\":\"请求成功\",\"data\":true}', 'admin', '2021-08-01 15:57:51', '2021-08-01 15:57:51', 0, 1);
INSERT INTO `sys_log` VALUES (1134, '2', '查询菜单', '192.168.31.70', '内网IP', '/menus/treePage', 'GET', '', 6, '{\"code\":0,\"msg\":\"请求成功\",\"data\":[{\"id\":1,\"parentId\":0,\"children\":[{\"id\":2,\"parentId\":1,\"children\":[{\"id\":7,\"parentId\":2,\"children\":[],\"menuName\":\"用户查询\",\"url\":\"\",\"permission\":\"sys:user:view\",\"type\":\"1\",\"component\":null,\"keepAlive\":null,\"icon\":null,\"status\":1,\"sort\":null},{\"id\":8,\"parentId\":2,\"children\":[],\"menuName\":\"用户新增\",\"url\":\"\",\"permission\":\"sys:user:add\",\"type\":\"1\",\"component\":null,\"keepAlive\":null,\"icon\":null,\"status\":1,\"sort\":null},{\"id\":14,\"parentId\":2,\"children\":[],\"menuName\":\"更新用户\",\"url\":\"\",\"permission\":\"sys:user:update\",\"type\":\"1\",\"component\":null,\"keepAlive\":null,\"icon\":\"\",\"status\":1,\"sort\":null},{\"id\":34,\"parentId\":2,\"children\":[],\"menuName\":\"用户删除\",\"url\":\"\",\"permission\":\"sys:user:delete\",\"type\":\"1\",\"component\":null,\"keepAlive\":null,\"icon\":\"\",\"status\":null,\"sort\":null}],\"menuName\":\"用户管理\",\"url\":\"/user\",\"permission\":\"\",\"type\":\"0\",\"component\":null,\"keepAlive\":null,\"icon\":\"el-icon-user\",\"status\":1,\"sort\":1},{\"id\":9,\"parentId\":1,\"children\":[{\"id\":16,\"parentId\":9,\"children\":[],\"menuName\":\"菜单查询\",\"url\":null,\"permission\":\"sys:menu:view\",\"type\":\"1\",\"component\":null,\"keepAlive\":null,\"icon\":null,\"status\":1,\"sort\":null},{\"id\":18,\"parentId\":9,\"children\":[],\"menuName\":\"菜单新增\",\"url\":null,\"permission\":\"sys:menu:add\",\"type\":\"1\",\"component\":null,\"keepAlive\":null,\"icon\":null,\"status\":1,\"sort\":null},{\"id\":21,\"parentId\":9,\"children\":[],\"menuName\":\"菜单修改\",\"url\":\"\",\"permission\":\"sys:menu:update\",\"type\":\"1\",\"component\":null,\"keepAlive\":null,\"icon\":\"\",\"status\":1,\"sort\":null},{\"id\":22,\"parentId\":9,\"children\":[],\"menuName\":\"菜单删除\",\"url\":\"\",\"permission\":\"sys:menu:delete\",\"type\":\"1\",\"component\":null,\"keepAlive\":null,\"icon\":\"\",\"status\":1,\"sort\":null}],\"menuName\":\"菜单管理\",\"url\":\"/menu\",\"permission\":null,\"type\":\"0\",\"component\":null,\"keepAlive\":null,\"icon\":\"el-icon-menu\",\"status\":1,\"sort\":5},{\"id\":29,\"parentId\":1,\"children\":[{\"id\":30,\"parentId\":29,\"children\":[],\"menuName\":\"角色查询\",\"url\":\"\",\"permission\":\"sys:role:view\",\"type\":\"1\",\"component\":null,\"keepAlive\":null,\"icon\":\"\",\"status\":null,\"sort\":null},{\"id\":31,\"parentId\":29,\"children\":[],\"menuName\":\"角色修改\",\"url\":\"\",\"permission\":\"sys:role:update\",\"type\":\"1\",\"component\":null,\"keepAlive\":null,\"icon\":\"\",\"status\":null,\"sort\":null},{\"id\":32,\"parentId\":29,\"children\":[],\"menuName\":\"角色删除\",\"url\":\"\",\"permission\":\"sys:role:delete\",\"type\":\"1\",\"component\":null,\"keepAlive\":null,\"icon\":\"\",\"status\":null,\"sort\":null},{\"id\":33,\"parentId\":29,\"children\":[],\"menuName\":\"角色新增\",\"url\":\"\",\"permission\":\"sys:role:add\",\"type\":\"1\",\"component\":null,\"keepAlive\":null,\"icon\":\"\",\"status\":null,\"sort\":null},{\"id\":35,\"parentId\":29,\"children\":[],\"menuName\":\"分配权限\",\"url\":\"\",\"permission\":\"sys:permission:update\",\"type\":\"1\",\"component\":null,\"keepAlive\":null,\"icon\":\"\",\"status\":null,\"sort\":null}],\"menuName\":\"角色管理\",\"url\":\"/role\",\"permission\":\"\",\"type\":\"0\",\"component\":null,\"keepAlive\":null,\"icon\":\"el-icon-s-custom\",\"status\":null,\"sort\":null},{\"id\":39,\"parentId\":1,\"children\":[],\"menuName\":\"租户管理\",\"url\":\"/tenant\",\"permission\":\"\",\"type\":\"0\",\"component\":null,\"keepAlive\":null,\"icon\":\"el-icon-s-custom\",\"status\":1,\"sort\":null},{\"id\":41,\"parentId\":1,\"children\":[],\"menuName\":\"机构管理\",\"url\":\"/org\",\"permission\":\"\",\"type\":\"0\",\"component\":null,\"keepAlive\":null,\"icon\":\"el-icon-s-home\",\"status\":1,\"sort\":null}],\"menuName\":\"权限管理\",\"url\":\"/\",\"permission\":null,\"type\":\"0\",\"component\":null,\"keepAlive\":null,\"icon\":\"el-icon-setting\",\"status\":1,\"sort\":1},{\"id\":37,\"parentId\":0,\"children\":[],\"menuName\":\"百度\",\"url\":\"http://www.baidu.com\",\"permission\":\"\",\"type\":\"0\",\"component\":null,\"keepAlive\":null,\"icon\":\"el-icon-eleme\",\"status\":null,\"sort\":null},{\"id\":38,\"parentId\":0,\"children\":[],\"menuName\":\"腾讯网\",\"url\":\"http://qq.com\",\"permission\":\"\",\"type\":\"0\",\"component\":null,\"keepAlive\":null,\"icon\":\"el-icon-eleme\",\"status\":1,\"sort\":null},{\"id\":42,\"parentId\":0,\"children\":[{\"id\":3,\"parentId\":42,\"children\":[{\"id\":36,\"parentId\":3,\"children\":[],\"menuName\":\"日志查询\",\"url\":\"\",\"permission\":\"sys:log:view\",\"type\":\"1\",\"component\":null,\"keepAlive\":null,\"icon\":\"\",\"status\":null,\"sort\":null},{\"id\":53,\"parentId\":3,\"children\":[],\"menuName\":\"日志删除\",\"url\":null,\"permission\":\"sys:log:delete\",\"type\":\"1\",\"component\":null,\"keepAlive\":null,\"icon\":null,\"status\":1,\"sort\":null}],\"menuName\":\"系统日志\",\"url\":\"/log\",\"permission\":\"\",\"type\":\"0\",\"component\":null,\"keepAlive\":null,\"icon\":\"el-icon-tickets\",\"status\":1,\"sort\":2}],\"menuName\":\"系统监控\",\"url\":\"/monitor\",\"permission\":null,\"type\":\"0\",\"component\":null,\"keepAlive\":null,\"icon\":\"el-icon-monitor\",\"status\":1,\"sort\":null},{\"id\":43,\"parentId\":0,\"children\":[{\"id\":44,\"parentId\":43,\"children\":[{\"id\":47,\"parentId\":44,\"children\":[],\"menuName\":\"查询\",\"url\":null,\"permission\":\"sys:job:view\",\"type\":\"1\",\"component\":null,\"keepAlive\":null,\"icon\":null,\"status\":1,\"sort\":null},{\"id\":48,\"parentId\":44,\"children\":[],\"menuName\":\"修改/新增\",\"url\":null,\"permission\":\"sys:job:add\",\"type\":\"1\",\"component\":null,\"keepAlive\":null,\"icon\":null,\"status\":1,\"sort\":null},{\"id\":49,\"parentId\":44,\"children\":[],\"menuName\":\"删除任务\",\"url\":null,\"permission\":\"sys:job:delete\",\"type\":\"1\",\"component\":null,\"keepAlive\":null,\"icon\":null,\"status\":1,\"sort\":null},{\"id\":50,\"parentId\":44,\"children\":[],\"menuName\":\"手动执行一次任务\",\"url\":null,\"permission\":\"sys:job:trigger\",\"type\":\"1\",\"component\":null,\"keepAlive\":null,\"icon\":null,\"status\":1,\"sort\":null},{\"id\":51,\"parentId\":44,\"children\":[],\"menuName\":\"暂停任务\",\"url\":null,\"permission\":\"sys:job:pause\",\"type\":\"1\",\"component\":null,\"keepAlive\":null,\"icon\":null,\"status\":1,\"sort\":null},{\"id\":52,\"parentId\":44,\"children\":[],\"menuName\":\"恢复任务\",\"url\":null,\"permission\":\"sys:job:resume\",\"type\":\"1\",\"component\":null,\"keepAlive\":null,\"icon\":null,\"status\":1,\"sort\":null}],\"menuName\":\"任务管理\",\"url\":\"/job\",\"permission\":null,\"type\":\"0\",\"component\":null,\"keepAlive\":null,\"icon\":\"el-icon-time\",\"status\":1,\"sort\":null},{\"id\":46,\"parentId\":43,\"children\":[],\"menuName\":\"代码生成\",\"url\":\"/gen\",\"permission\":null,\"type\":\"0\",\"component\":null,\"keepAlive\":null,\"icon\":\"el-icon-set-up\",\"status\":1,\"sort\":null}],\"menuName\":\"系统工具\",\"url\":\"\",\"permission\":null,\"type\":\"0\",\"component\":null,\"keepAlive\":null,\"icon\":\"el-icon-suitcase-1\",\"status\":1,\"sort\":null},{\"id\":54,\"parentId\":0,\"children\":[],\"menuName\":\"OA办公\",\"url\":\"/oa\",\"permission\":null,\"type\":\"0\",\"component\":null,\"keepAlive\":null,\"icon\":\"el-icon-setting\",\"status\":1,\"sort\":null}]}', 'admin', '2021-08-01 15:57:51', '2021-08-01 15:57:51', 0, 1);
INSERT INTO `sys_log` VALUES (1135, '2', '新增菜单', '192.168.31.70', '内网IP', '/menus', 'POST', '', 30, '{\"code\":0,\"msg\":\"请求成功\",\"data\":true}', 'admin', '2021-08-01 15:58:08', '2021-08-01 15:58:08', 0, 1);
INSERT INTO `sys_log` VALUES (1136, '2', '查询菜单', '192.168.31.70', '内网IP', '/menus/treePage', 'GET', '', 5, '{\"code\":0,\"msg\":\"请求成功\",\"data\":[{\"id\":1,\"parentId\":0,\"children\":[{\"id\":2,\"parentId\":1,\"children\":[{\"id\":7,\"parentId\":2,\"children\":[],\"menuName\":\"用户查询\",\"url\":\"\",\"permission\":\"sys:user:view\",\"type\":\"1\",\"component\":null,\"keepAlive\":null,\"icon\":null,\"status\":1,\"sort\":null},{\"id\":8,\"parentId\":2,\"children\":[],\"menuName\":\"用户新增\",\"url\":\"\",\"permission\":\"sys:user:add\",\"type\":\"1\",\"component\":null,\"keepAlive\":null,\"icon\":null,\"status\":1,\"sort\":null},{\"id\":14,\"parentId\":2,\"children\":[],\"menuName\":\"更新用户\",\"url\":\"\",\"permission\":\"sys:user:update\",\"type\":\"1\",\"component\":null,\"keepAlive\":null,\"icon\":\"\",\"status\":1,\"sort\":null},{\"id\":34,\"parentId\":2,\"children\":[],\"menuName\":\"用户删除\",\"url\":\"\",\"permission\":\"sys:user:delete\",\"type\":\"1\",\"component\":null,\"keepAlive\":null,\"icon\":\"\",\"status\":null,\"sort\":null}],\"menuName\":\"用户管理\",\"url\":\"/user\",\"permission\":\"\",\"type\":\"0\",\"component\":null,\"keepAlive\":null,\"icon\":\"el-icon-user\",\"status\":1,\"sort\":1},{\"id\":9,\"parentId\":1,\"children\":[{\"id\":16,\"parentId\":9,\"children\":[],\"menuName\":\"菜单查询\",\"url\":null,\"permission\":\"sys:menu:view\",\"type\":\"1\",\"component\":null,\"keepAlive\":null,\"icon\":null,\"status\":1,\"sort\":null},{\"id\":18,\"parentId\":9,\"children\":[],\"menuName\":\"菜单新增\",\"url\":null,\"permission\":\"sys:menu:add\",\"type\":\"1\",\"component\":null,\"keepAlive\":null,\"icon\":null,\"status\":1,\"sort\":null},{\"id\":21,\"parentId\":9,\"children\":[],\"menuName\":\"菜单修改\",\"url\":\"\",\"permission\":\"sys:menu:update\",\"type\":\"1\",\"component\":null,\"keepAlive\":null,\"icon\":\"\",\"status\":1,\"sort\":null},{\"id\":22,\"parentId\":9,\"children\":[],\"menuName\":\"菜单删除\",\"url\":\"\",\"permission\":\"sys:menu:delete\",\"type\":\"1\",\"component\":null,\"keepAlive\":null,\"icon\":\"\",\"status\":1,\"sort\":null}],\"menuName\":\"菜单管理\",\"url\":\"/menu\",\"permission\":null,\"type\":\"0\",\"component\":null,\"keepAlive\":null,\"icon\":\"el-icon-menu\",\"status\":1,\"sort\":5},{\"id\":29,\"parentId\":1,\"children\":[{\"id\":30,\"parentId\":29,\"children\":[],\"menuName\":\"角色查询\",\"url\":\"\",\"permission\":\"sys:role:view\",\"type\":\"1\",\"component\":null,\"keepAlive\":null,\"icon\":\"\",\"status\":null,\"sort\":null},{\"id\":31,\"parentId\":29,\"children\":[],\"menuName\":\"角色修改\",\"url\":\"\",\"permission\":\"sys:role:update\",\"type\":\"1\",\"component\":null,\"keepAlive\":null,\"icon\":\"\",\"status\":null,\"sort\":null},{\"id\":32,\"parentId\":29,\"children\":[],\"menuName\":\"角色删除\",\"url\":\"\",\"permission\":\"sys:role:delete\",\"type\":\"1\",\"component\":null,\"keepAlive\":null,\"icon\":\"\",\"status\":null,\"sort\":null},{\"id\":33,\"parentId\":29,\"children\":[],\"menuName\":\"角色新增\",\"url\":\"\",\"permission\":\"sys:role:add\",\"type\":\"1\",\"component\":null,\"keepAlive\":null,\"icon\":\"\",\"status\":null,\"sort\":null},{\"id\":35,\"parentId\":29,\"children\":[],\"menuName\":\"分配权限\",\"url\":\"\",\"permission\":\"sys:permission:update\",\"type\":\"1\",\"component\":null,\"keepAlive\":null,\"icon\":\"\",\"status\":null,\"sort\":null}],\"menuName\":\"角色管理\",\"url\":\"/role\",\"permission\":\"\",\"type\":\"0\",\"component\":null,\"keepAlive\":null,\"icon\":\"el-icon-s-custom\",\"status\":null,\"sort\":null},{\"id\":39,\"parentId\":1,\"children\":[],\"menuName\":\"租户管理\",\"url\":\"/tenant\",\"permission\":\"\",\"type\":\"0\",\"component\":null,\"keepAlive\":null,\"icon\":\"el-icon-s-custom\",\"status\":1,\"sort\":null},{\"id\":41,\"parentId\":1,\"children\":[],\"menuName\":\"机构管理\",\"url\":\"/org\",\"permission\":\"\",\"type\":\"0\",\"component\":null,\"keepAlive\":null,\"icon\":\"el-icon-s-home\",\"status\":1,\"sort\":null}],\"menuName\":\"权限管理\",\"url\":\"/\",\"permission\":null,\"type\":\"0\",\"component\":null,\"keepAlive\":null,\"icon\":\"el-icon-setting\",\"status\":1,\"sort\":1},{\"id\":37,\"parentId\":0,\"children\":[],\"menuName\":\"百度\",\"url\":\"http://www.baidu.com\",\"permission\":\"\",\"type\":\"0\",\"component\":null,\"keepAlive\":null,\"icon\":\"el-icon-eleme\",\"status\":null,\"sort\":null},{\"id\":38,\"parentId\":0,\"children\":[],\"menuName\":\"腾讯网\",\"url\":\"http://qq.com\",\"permission\":\"\",\"type\":\"0\",\"component\":null,\"keepAlive\":null,\"icon\":\"el-icon-eleme\",\"status\":1,\"sort\":null},{\"id\":42,\"parentId\":0,\"children\":[{\"id\":3,\"parentId\":42,\"children\":[{\"id\":36,\"parentId\":3,\"children\":[],\"menuName\":\"日志查询\",\"url\":\"\",\"permission\":\"sys:log:view\",\"type\":\"1\",\"component\":null,\"keepAlive\":null,\"icon\":\"\",\"status\":null,\"sort\":null},{\"id\":53,\"parentId\":3,\"children\":[],\"menuName\":\"日志删除\",\"url\":null,\"permission\":\"sys:log:delete\",\"type\":\"1\",\"component\":null,\"keepAlive\":null,\"icon\":null,\"status\":1,\"sort\":null}],\"menuName\":\"系统日志\",\"url\":\"/log\",\"permission\":\"\",\"type\":\"0\",\"component\":null,\"keepAlive\":null,\"icon\":\"el-icon-tickets\",\"status\":1,\"sort\":2}],\"menuName\":\"系统监控\",\"url\":\"/monitor\",\"permission\":null,\"type\":\"0\",\"component\":null,\"keepAlive\":null,\"icon\":\"el-icon-monitor\",\"status\":1,\"sort\":null},{\"id\":43,\"parentId\":0,\"children\":[{\"id\":44,\"parentId\":43,\"children\":[{\"id\":47,\"parentId\":44,\"children\":[],\"menuName\":\"查询\",\"url\":null,\"permission\":\"sys:job:view\",\"type\":\"1\",\"component\":null,\"keepAlive\":null,\"icon\":null,\"status\":1,\"sort\":null},{\"id\":48,\"parentId\":44,\"children\":[],\"menuName\":\"修改/新增\",\"url\":null,\"permission\":\"sys:job:add\",\"type\":\"1\",\"component\":null,\"keepAlive\":null,\"icon\":null,\"status\":1,\"sort\":null},{\"id\":49,\"parentId\":44,\"children\":[],\"menuName\":\"删除任务\",\"url\":null,\"permission\":\"sys:job:delete\",\"type\":\"1\",\"component\":null,\"keepAlive\":null,\"icon\":null,\"status\":1,\"sort\":null},{\"id\":50,\"parentId\":44,\"children\":[],\"menuName\":\"手动执行一次任务\",\"url\":null,\"permission\":\"sys:job:trigger\",\"type\":\"1\",\"component\":null,\"keepAlive\":null,\"icon\":null,\"status\":1,\"sort\":null},{\"id\":51,\"parentId\":44,\"children\":[],\"menuName\":\"暂停任务\",\"url\":null,\"permission\":\"sys:job:pause\",\"type\":\"1\",\"component\":null,\"keepAlive\":null,\"icon\":null,\"status\":1,\"sort\":null},{\"id\":52,\"parentId\":44,\"children\":[],\"menuName\":\"恢复任务\",\"url\":null,\"permission\":\"sys:job:resume\",\"type\":\"1\",\"component\":null,\"keepAlive\":null,\"icon\":null,\"status\":1,\"sort\":null}],\"menuName\":\"任务管理\",\"url\":\"/job\",\"permission\":null,\"type\":\"0\",\"component\":null,\"keepAlive\":null,\"icon\":\"el-icon-time\",\"status\":1,\"sort\":null},{\"id\":46,\"parentId\":43,\"children\":[],\"menuName\":\"代码生成\",\"url\":\"/gen\",\"permission\":null,\"type\":\"0\",\"component\":null,\"keepAlive\":null,\"icon\":\"el-icon-set-up\",\"status\":1,\"sort\":null}],\"menuName\":\"系统工具\",\"url\":\"\",\"permission\":null,\"type\":\"0\",\"component\":null,\"keepAlive\":null,\"icon\":\"el-icon-suitcase-1\",\"status\":1,\"sort\":null},{\"id\":54,\"parentId\":0,\"children\":[],\"menuName\":\"OA办公\",\"url\":\"/oa\",\"permission\":null,\"type\":\"0\",\"component\":null,\"keepAlive\":null,\"icon\":\"el-icon-setting\",\"status\":1,\"sort\":null},{\"id\":55,\"parentId\":0,\"children\":[],\"menuName\":\"请假\",\"url\":null,\"permission\":null,\"type\":\"0\",\"component\":null,\"keepAlive\":null,\"icon\":\"el-icon-setting\",\"status\":1,\"sort\":null}]}', 'admin', '2021-08-01 15:58:08', '2021-08-01 15:58:08', 0, 1);
INSERT INTO `sys_log` VALUES (1137, '2', '修改菜单', '192.168.31.70', '内网IP', '/menus', 'PUT', '', 21, '{\"code\":0,\"msg\":\"请求成功\",\"data\":true}', 'admin', '2021-08-01 15:58:14', '2021-08-01 15:58:14', 0, 1);
INSERT INTO `sys_log` VALUES (1138, '2', '查询菜单', '192.168.31.70', '内网IP', '/menus/treePage', 'GET', '', 5, '{\"code\":0,\"msg\":\"请求成功\",\"data\":[{\"id\":1,\"parentId\":0,\"children\":[{\"id\":2,\"parentId\":1,\"children\":[{\"id\":7,\"parentId\":2,\"children\":[],\"menuName\":\"用户查询\",\"url\":\"\",\"permission\":\"sys:user:view\",\"type\":\"1\",\"component\":null,\"keepAlive\":null,\"icon\":null,\"status\":1,\"sort\":null},{\"id\":8,\"parentId\":2,\"children\":[],\"menuName\":\"用户新增\",\"url\":\"\",\"permission\":\"sys:user:add\",\"type\":\"1\",\"component\":null,\"keepAlive\":null,\"icon\":null,\"status\":1,\"sort\":null},{\"id\":14,\"parentId\":2,\"children\":[],\"menuName\":\"更新用户\",\"url\":\"\",\"permission\":\"sys:user:update\",\"type\":\"1\",\"component\":null,\"keepAlive\":null,\"icon\":\"\",\"status\":1,\"sort\":null},{\"id\":34,\"parentId\":2,\"children\":[],\"menuName\":\"用户删除\",\"url\":\"\",\"permission\":\"sys:user:delete\",\"type\":\"1\",\"component\":null,\"keepAlive\":null,\"icon\":\"\",\"status\":null,\"sort\":null}],\"menuName\":\"用户管理\",\"url\":\"/user\",\"permission\":\"\",\"type\":\"0\",\"component\":null,\"keepAlive\":null,\"icon\":\"el-icon-user\",\"status\":1,\"sort\":1},{\"id\":9,\"parentId\":1,\"children\":[{\"id\":16,\"parentId\":9,\"children\":[],\"menuName\":\"菜单查询\",\"url\":null,\"permission\":\"sys:menu:view\",\"type\":\"1\",\"component\":null,\"keepAlive\":null,\"icon\":null,\"status\":1,\"sort\":null},{\"id\":18,\"parentId\":9,\"children\":[],\"menuName\":\"菜单新增\",\"url\":null,\"permission\":\"sys:menu:add\",\"type\":\"1\",\"component\":null,\"keepAlive\":null,\"icon\":null,\"status\":1,\"sort\":null},{\"id\":21,\"parentId\":9,\"children\":[],\"menuName\":\"菜单修改\",\"url\":\"\",\"permission\":\"sys:menu:update\",\"type\":\"1\",\"component\":null,\"keepAlive\":null,\"icon\":\"\",\"status\":1,\"sort\":null},{\"id\":22,\"parentId\":9,\"children\":[],\"menuName\":\"菜单删除\",\"url\":\"\",\"permission\":\"sys:menu:delete\",\"type\":\"1\",\"component\":null,\"keepAlive\":null,\"icon\":\"\",\"status\":1,\"sort\":null}],\"menuName\":\"菜单管理\",\"url\":\"/menu\",\"permission\":null,\"type\":\"0\",\"component\":null,\"keepAlive\":null,\"icon\":\"el-icon-menu\",\"status\":1,\"sort\":5},{\"id\":29,\"parentId\":1,\"children\":[{\"id\":30,\"parentId\":29,\"children\":[],\"menuName\":\"角色查询\",\"url\":\"\",\"permission\":\"sys:role:view\",\"type\":\"1\",\"component\":null,\"keepAlive\":null,\"icon\":\"\",\"status\":null,\"sort\":null},{\"id\":31,\"parentId\":29,\"children\":[],\"menuName\":\"角色修改\",\"url\":\"\",\"permission\":\"sys:role:update\",\"type\":\"1\",\"component\":null,\"keepAlive\":null,\"icon\":\"\",\"status\":null,\"sort\":null},{\"id\":32,\"parentId\":29,\"children\":[],\"menuName\":\"角色删除\",\"url\":\"\",\"permission\":\"sys:role:delete\",\"type\":\"1\",\"component\":null,\"keepAlive\":null,\"icon\":\"\",\"status\":null,\"sort\":null},{\"id\":33,\"parentId\":29,\"children\":[],\"menuName\":\"角色新增\",\"url\":\"\",\"permission\":\"sys:role:add\",\"type\":\"1\",\"component\":null,\"keepAlive\":null,\"icon\":\"\",\"status\":null,\"sort\":null},{\"id\":35,\"parentId\":29,\"children\":[],\"menuName\":\"分配权限\",\"url\":\"\",\"permission\":\"sys:permission:update\",\"type\":\"1\",\"component\":null,\"keepAlive\":null,\"icon\":\"\",\"status\":null,\"sort\":null}],\"menuName\":\"角色管理\",\"url\":\"/role\",\"permission\":\"\",\"type\":\"0\",\"component\":null,\"keepAlive\":null,\"icon\":\"el-icon-s-custom\",\"status\":null,\"sort\":null},{\"id\":39,\"parentId\":1,\"children\":[],\"menuName\":\"租户管理\",\"url\":\"/tenant\",\"permission\":\"\",\"type\":\"0\",\"component\":null,\"keepAlive\":null,\"icon\":\"el-icon-s-custom\",\"status\":1,\"sort\":null},{\"id\":41,\"parentId\":1,\"children\":[],\"menuName\":\"机构管理\",\"url\":\"/org\",\"permission\":\"\",\"type\":\"0\",\"component\":null,\"keepAlive\":null,\"icon\":\"el-icon-s-home\",\"status\":1,\"sort\":null}],\"menuName\":\"权限管理\",\"url\":\"/\",\"permission\":null,\"type\":\"0\",\"component\":null,\"keepAlive\":null,\"icon\":\"el-icon-setting\",\"status\":1,\"sort\":1},{\"id\":37,\"parentId\":0,\"children\":[],\"menuName\":\"百度\",\"url\":\"http://www.baidu.com\",\"permission\":\"\",\"type\":\"0\",\"component\":null,\"keepAlive\":null,\"icon\":\"el-icon-eleme\",\"status\":null,\"sort\":null},{\"id\":38,\"parentId\":0,\"children\":[],\"menuName\":\"腾讯网\",\"url\":\"http://qq.com\",\"permission\":\"\",\"type\":\"0\",\"component\":null,\"keepAlive\":null,\"icon\":\"el-icon-eleme\",\"status\":1,\"sort\":null},{\"id\":42,\"parentId\":0,\"children\":[{\"id\":3,\"parentId\":42,\"children\":[{\"id\":36,\"parentId\":3,\"children\":[],\"menuName\":\"日志查询\",\"url\":\"\",\"permission\":\"sys:log:view\",\"type\":\"1\",\"component\":null,\"keepAlive\":null,\"icon\":\"\",\"status\":null,\"sort\":null},{\"id\":53,\"parentId\":3,\"children\":[],\"menuName\":\"日志删除\",\"url\":null,\"permission\":\"sys:log:delete\",\"type\":\"1\",\"component\":null,\"keepAlive\":null,\"icon\":null,\"status\":1,\"sort\":null}],\"menuName\":\"系统日志\",\"url\":\"/log\",\"permission\":\"\",\"type\":\"0\",\"component\":null,\"keepAlive\":null,\"icon\":\"el-icon-tickets\",\"status\":1,\"sort\":2}],\"menuName\":\"系统监控\",\"url\":\"/monitor\",\"permission\":null,\"type\":\"0\",\"component\":null,\"keepAlive\":null,\"icon\":\"el-icon-monitor\",\"status\":1,\"sort\":null},{\"id\":43,\"parentId\":0,\"children\":[{\"id\":44,\"parentId\":43,\"children\":[{\"id\":47,\"parentId\":44,\"children\":[],\"menuName\":\"查询\",\"url\":null,\"permission\":\"sys:job:view\",\"type\":\"1\",\"component\":null,\"keepAlive\":null,\"icon\":null,\"status\":1,\"sort\":null},{\"id\":48,\"parentId\":44,\"children\":[],\"menuName\":\"修改/新增\",\"url\":null,\"permission\":\"sys:job:add\",\"type\":\"1\",\"component\":null,\"keepAlive\":null,\"icon\":null,\"status\":1,\"sort\":null},{\"id\":49,\"parentId\":44,\"children\":[],\"menuName\":\"删除任务\",\"url\":null,\"permission\":\"sys:job:delete\",\"type\":\"1\",\"component\":null,\"keepAlive\":null,\"icon\":null,\"status\":1,\"sort\":null},{\"id\":50,\"parentId\":44,\"children\":[],\"menuName\":\"手动执行一次任务\",\"url\":null,\"permission\":\"sys:job:trigger\",\"type\":\"1\",\"component\":null,\"keepAlive\":null,\"icon\":null,\"status\":1,\"sort\":null},{\"id\":51,\"parentId\":44,\"children\":[],\"menuName\":\"暂停任务\",\"url\":null,\"permission\":\"sys:job:pause\",\"type\":\"1\",\"component\":null,\"keepAlive\":null,\"icon\":null,\"status\":1,\"sort\":null},{\"id\":52,\"parentId\":44,\"children\":[],\"menuName\":\"恢复任务\",\"url\":null,\"permission\":\"sys:job:resume\",\"type\":\"1\",\"component\":null,\"keepAlive\":null,\"icon\":null,\"status\":1,\"sort\":null}],\"menuName\":\"任务管理\",\"url\":\"/job\",\"permission\":null,\"type\":\"0\",\"component\":null,\"keepAlive\":null,\"icon\":\"el-icon-time\",\"status\":1,\"sort\":null},{\"id\":46,\"parentId\":43,\"children\":[],\"menuName\":\"代码生成\",\"url\":\"/gen\",\"permission\":null,\"type\":\"0\",\"component\":null,\"keepAlive\":null,\"icon\":\"el-icon-set-up\",\"status\":1,\"sort\":null}],\"menuName\":\"系统工具\",\"url\":\"\",\"permission\":null,\"type\":\"0\",\"component\":null,\"keepAlive\":null,\"icon\":\"el-icon-suitcase-1\",\"status\":1,\"sort\":null},{\"id\":54,\"parentId\":0,\"children\":[{\"id\":55,\"parentId\":54,\"children\":[],\"menuName\":\"请假\",\"url\":null,\"permission\":null,\"type\":\"0\",\"component\":null,\"keepAlive\":null,\"icon\":\"el-icon-setting\",\"status\":1,\"sort\":null}],\"menuName\":\"OA办公\",\"url\":\"/oa\",\"permission\":null,\"type\":\"0\",\"component\":null,\"keepAlive\":null,\"icon\":\"el-icon-setting\",\"status\":1,\"sort\":null}]}', 'admin', '2021-08-01 15:58:14', '2021-08-01 15:58:14', 0, 1);
INSERT INTO `sys_log` VALUES (1139, '2', '修改菜单', '192.168.31.70', '内网IP', '/menus', 'PUT', '', 28, '{\"code\":0,\"msg\":\"请求成功\",\"data\":true}', 'admin', '2021-08-01 15:58:38', '2021-08-01 15:58:38', 0, 1);
INSERT INTO `sys_log` VALUES (1140, '2', '查询菜单', '192.168.31.70', '内网IP', '/menus/treePage', 'GET', '', 22, '{\"code\":0,\"msg\":\"请求成功\",\"data\":[{\"id\":1,\"parentId\":0,\"children\":[{\"id\":2,\"parentId\":1,\"children\":[{\"id\":7,\"parentId\":2,\"children\":[],\"menuName\":\"用户查询\",\"url\":\"\",\"permission\":\"sys:user:view\",\"type\":\"1\",\"component\":null,\"keepAlive\":null,\"icon\":null,\"status\":1,\"sort\":null},{\"id\":8,\"parentId\":2,\"children\":[],\"menuName\":\"用户新增\",\"url\":\"\",\"permission\":\"sys:user:add\",\"type\":\"1\",\"component\":null,\"keepAlive\":null,\"icon\":null,\"status\":1,\"sort\":null},{\"id\":14,\"parentId\":2,\"children\":[],\"menuName\":\"更新用户\",\"url\":\"\",\"permission\":\"sys:user:update\",\"type\":\"1\",\"component\":null,\"keepAlive\":null,\"icon\":\"\",\"status\":1,\"sort\":null},{\"id\":34,\"parentId\":2,\"children\":[],\"menuName\":\"用户删除\",\"url\":\"\",\"permission\":\"sys:user:delete\",\"type\":\"1\",\"component\":null,\"keepAlive\":null,\"icon\":\"\",\"status\":null,\"sort\":null}],\"menuName\":\"用户管理\",\"url\":\"/user\",\"permission\":\"\",\"type\":\"0\",\"component\":null,\"keepAlive\":null,\"icon\":\"el-icon-user\",\"status\":1,\"sort\":1},{\"id\":9,\"parentId\":1,\"children\":[{\"id\":16,\"parentId\":9,\"children\":[],\"menuName\":\"菜单查询\",\"url\":null,\"permission\":\"sys:menu:view\",\"type\":\"1\",\"component\":null,\"keepAlive\":null,\"icon\":null,\"status\":1,\"sort\":null},{\"id\":18,\"parentId\":9,\"children\":[],\"menuName\":\"菜单新增\",\"url\":null,\"permission\":\"sys:menu:add\",\"type\":\"1\",\"component\":null,\"keepAlive\":null,\"icon\":null,\"status\":1,\"sort\":null},{\"id\":21,\"parentId\":9,\"children\":[],\"menuName\":\"菜单修改\",\"url\":\"\",\"permission\":\"sys:menu:update\",\"type\":\"1\",\"component\":null,\"keepAlive\":null,\"icon\":\"\",\"status\":1,\"sort\":null},{\"id\":22,\"parentId\":9,\"children\":[],\"menuName\":\"菜单删除\",\"url\":\"\",\"permission\":\"sys:menu:delete\",\"type\":\"1\",\"component\":null,\"keepAlive\":null,\"icon\":\"\",\"status\":1,\"sort\":null}],\"menuName\":\"菜单管理\",\"url\":\"/menu\",\"permission\":null,\"type\":\"0\",\"component\":null,\"keepAlive\":null,\"icon\":\"el-icon-menu\",\"status\":1,\"sort\":5},{\"id\":29,\"parentId\":1,\"children\":[{\"id\":30,\"parentId\":29,\"children\":[],\"menuName\":\"角色查询\",\"url\":\"\",\"permission\":\"sys:role:view\",\"type\":\"1\",\"component\":null,\"keepAlive\":null,\"icon\":\"\",\"status\":null,\"sort\":null},{\"id\":31,\"parentId\":29,\"children\":[],\"menuName\":\"角色修改\",\"url\":\"\",\"permission\":\"sys:role:update\",\"type\":\"1\",\"component\":null,\"keepAlive\":null,\"icon\":\"\",\"status\":null,\"sort\":null},{\"id\":32,\"parentId\":29,\"children\":[],\"menuName\":\"角色删除\",\"url\":\"\",\"permission\":\"sys:role:delete\",\"type\":\"1\",\"component\":null,\"keepAlive\":null,\"icon\":\"\",\"status\":null,\"sort\":null},{\"id\":33,\"parentId\":29,\"children\":[],\"menuName\":\"角色新增\",\"url\":\"\",\"permission\":\"sys:role:add\",\"type\":\"1\",\"component\":null,\"keepAlive\":null,\"icon\":\"\",\"status\":null,\"sort\":null},{\"id\":35,\"parentId\":29,\"children\":[],\"menuName\":\"分配权限\",\"url\":\"\",\"permission\":\"sys:permission:update\",\"type\":\"1\",\"component\":null,\"keepAlive\":null,\"icon\":\"\",\"status\":null,\"sort\":null}],\"menuName\":\"角色管理\",\"url\":\"/role\",\"permission\":\"\",\"type\":\"0\",\"component\":null,\"keepAlive\":null,\"icon\":\"el-icon-s-custom\",\"status\":null,\"sort\":null},{\"id\":39,\"parentId\":1,\"children\":[],\"menuName\":\"租户管理\",\"url\":\"/tenant\",\"permission\":\"\",\"type\":\"0\",\"component\":null,\"keepAlive\":null,\"icon\":\"el-icon-s-custom\",\"status\":1,\"sort\":null},{\"id\":41,\"parentId\":1,\"children\":[],\"menuName\":\"机构管理\",\"url\":\"/org\",\"permission\":\"\",\"type\":\"0\",\"component\":null,\"keepAlive\":null,\"icon\":\"el-icon-s-home\",\"status\":1,\"sort\":null}],\"menuName\":\"权限管理\",\"url\":\"/\",\"permission\":null,\"type\":\"0\",\"component\":null,\"keepAlive\":null,\"icon\":\"el-icon-setting\",\"status\":1,\"sort\":1},{\"id\":37,\"parentId\":0,\"children\":[],\"menuName\":\"百度\",\"url\":\"http://www.baidu.com\",\"permission\":\"\",\"type\":\"0\",\"component\":null,\"keepAlive\":null,\"icon\":\"el-icon-eleme\",\"status\":null,\"sort\":null},{\"id\":38,\"parentId\":0,\"children\":[],\"menuName\":\"腾讯网\",\"url\":\"http://qq.com\",\"permission\":\"\",\"type\":\"0\",\"component\":null,\"keepAlive\":null,\"icon\":\"el-icon-eleme\",\"status\":1,\"sort\":null},{\"id\":42,\"parentId\":0,\"children\":[{\"id\":3,\"parentId\":42,\"children\":[{\"id\":36,\"parentId\":3,\"children\":[],\"menuName\":\"日志查询\",\"url\":\"\",\"permission\":\"sys:log:view\",\"type\":\"1\",\"component\":null,\"keepAlive\":null,\"icon\":\"\",\"status\":null,\"sort\":null},{\"id\":53,\"parentId\":3,\"children\":[],\"menuName\":\"日志删除\",\"url\":null,\"permission\":\"sys:log:delete\",\"type\":\"1\",\"component\":null,\"keepAlive\":null,\"icon\":null,\"status\":1,\"sort\":null}],\"menuName\":\"系统日志\",\"url\":\"/log\",\"permission\":\"\",\"type\":\"0\",\"component\":null,\"keepAlive\":null,\"icon\":\"el-icon-tickets\",\"status\":1,\"sort\":2}],\"menuName\":\"系统监控\",\"url\":\"/monitor\",\"permission\":null,\"type\":\"0\",\"component\":null,\"keepAlive\":null,\"icon\":\"el-icon-monitor\",\"status\":1,\"sort\":null},{\"id\":43,\"parentId\":0,\"children\":[{\"id\":44,\"parentId\":43,\"children\":[{\"id\":47,\"parentId\":44,\"children\":[],\"menuName\":\"查询\",\"url\":null,\"permission\":\"sys:job:view\",\"type\":\"1\",\"component\":null,\"keepAlive\":null,\"icon\":null,\"status\":1,\"sort\":null},{\"id\":48,\"parentId\":44,\"children\":[],\"menuName\":\"修改/新增\",\"url\":null,\"permission\":\"sys:job:add\",\"type\":\"1\",\"component\":null,\"keepAlive\":null,\"icon\":null,\"status\":1,\"sort\":null},{\"id\":49,\"parentId\":44,\"children\":[],\"menuName\":\"删除任务\",\"url\":null,\"permission\":\"sys:job:delete\",\"type\":\"1\",\"component\":null,\"keepAlive\":null,\"icon\":null,\"status\":1,\"sort\":null},{\"id\":50,\"parentId\":44,\"children\":[],\"menuName\":\"手动执行一次任务\",\"url\":null,\"permission\":\"sys:job:trigger\",\"type\":\"1\",\"component\":null,\"keepAlive\":null,\"icon\":null,\"status\":1,\"sort\":null},{\"id\":51,\"parentId\":44,\"children\":[],\"menuName\":\"暂停任务\",\"url\":null,\"permission\":\"sys:job:pause\",\"type\":\"1\",\"component\":null,\"keepAlive\":null,\"icon\":null,\"status\":1,\"sort\":null},{\"id\":52,\"parentId\":44,\"children\":[],\"menuName\":\"恢复任务\",\"url\":null,\"permission\":\"sys:job:resume\",\"type\":\"1\",\"component\":null,\"keepAlive\":null,\"icon\":null,\"status\":1,\"sort\":null}],\"menuName\":\"任务管理\",\"url\":\"/job\",\"permission\":null,\"type\":\"0\",\"component\":null,\"keepAlive\":null,\"icon\":\"el-icon-time\",\"status\":1,\"sort\":null},{\"id\":46,\"parentId\":43,\"children\":[],\"menuName\":\"代码生成\",\"url\":\"/gen\",\"permission\":null,\"type\":\"0\",\"component\":null,\"keepAlive\":null,\"icon\":\"el-icon-set-up\",\"status\":1,\"sort\":null}],\"menuName\":\"系统工具\",\"url\":\"\",\"permission\":null,\"type\":\"0\",\"component\":null,\"keepAlive\":null,\"icon\":\"el-icon-suitcase-1\",\"status\":1,\"sort\":null},{\"id\":54,\"parentId\":0,\"children\":[{\"id\":55,\"parentId\":54,\"children\":[],\"menuName\":\"请假\",\"url\":\"/leaveBill\",\"permission\":null,\"type\":\"0\",\"component\":null,\"keepAlive\":null,\"icon\":\"el-icon-setting\",\"status\":1,\"sort\":null}],\"menuName\":\"OA办公\",\"url\":\"/oa\",\"permission\":null,\"type\":\"0\",\"component\":null,\"keepAlive\":null,\"icon\":\"el-icon-setting\",\"status\":1,\"sort\":null}]}', 'admin', '2021-08-01 15:58:38', '2021-08-01 15:58:38', 0, 1);
INSERT INTO `sys_log` VALUES (1141, '3', '查询角色', '192.168.31.70', '内网IP', '/roles/page', 'GET', 'size=%5B5%5D', 23, '{\"code\":0,\"msg\":\"请求成功\",\"data\":{\"records\":[{\"id\":1,\"roleName\":\"管理员\",\"roleCode\":\"admin\",\"sort\":1,\"status\":1,\"updateTime\":1591860704000,\"createTime\":1584981146000,\"delFlag\":0},{\"id\":2,\"roleName\":\"普通用户\",\"roleCode\":\"common\",\"sort\":2,\"status\":1,\"updateTime\":1591693579000,\"createTime\":1584981195000,\"delFlag\":0}],\"total\":2,\"size\":5,\"current\":1,\"orders\":[],\"optimizeCountSql\":true,\"hitCount\":false,\"searchCount\":true,\"pages\":1}}', 'admin', '2021-08-01 15:58:41', '2021-08-01 15:58:41', 0, 1);
INSERT INTO `sys_log` VALUES (1142, '2', '查询菜单', '192.168.31.70', '内网IP', '/menus/treePage', 'GET', '', 4, '{\"code\":0,\"msg\":\"请求成功\",\"data\":[{\"id\":1,\"parentId\":0,\"children\":[{\"id\":2,\"parentId\":1,\"children\":[{\"id\":7,\"parentId\":2,\"children\":[],\"menuName\":\"用户查询\",\"url\":\"\",\"permission\":\"sys:user:view\",\"type\":\"1\",\"component\":null,\"keepAlive\":null,\"icon\":null,\"status\":1,\"sort\":null},{\"id\":8,\"parentId\":2,\"children\":[],\"menuName\":\"用户新增\",\"url\":\"\",\"permission\":\"sys:user:add\",\"type\":\"1\",\"component\":null,\"keepAlive\":null,\"icon\":null,\"status\":1,\"sort\":null},{\"id\":14,\"parentId\":2,\"children\":[],\"menuName\":\"更新用户\",\"url\":\"\",\"permission\":\"sys:user:update\",\"type\":\"1\",\"component\":null,\"keepAlive\":null,\"icon\":\"\",\"status\":1,\"sort\":null},{\"id\":34,\"parentId\":2,\"children\":[],\"menuName\":\"用户删除\",\"url\":\"\",\"permission\":\"sys:user:delete\",\"type\":\"1\",\"component\":null,\"keepAlive\":null,\"icon\":\"\",\"status\":null,\"sort\":null}],\"menuName\":\"用户管理\",\"url\":\"/user\",\"permission\":\"\",\"type\":\"0\",\"component\":null,\"keepAlive\":null,\"icon\":\"el-icon-user\",\"status\":1,\"sort\":1},{\"id\":9,\"parentId\":1,\"children\":[{\"id\":16,\"parentId\":9,\"children\":[],\"menuName\":\"菜单查询\",\"url\":null,\"permission\":\"sys:menu:view\",\"type\":\"1\",\"component\":null,\"keepAlive\":null,\"icon\":null,\"status\":1,\"sort\":null},{\"id\":18,\"parentId\":9,\"children\":[],\"menuName\":\"菜单新增\",\"url\":null,\"permission\":\"sys:menu:add\",\"type\":\"1\",\"component\":null,\"keepAlive\":null,\"icon\":null,\"status\":1,\"sort\":null},{\"id\":21,\"parentId\":9,\"children\":[],\"menuName\":\"菜单修改\",\"url\":\"\",\"permission\":\"sys:menu:update\",\"type\":\"1\",\"component\":null,\"keepAlive\":null,\"icon\":\"\",\"status\":1,\"sort\":null},{\"id\":22,\"parentId\":9,\"children\":[],\"menuName\":\"菜单删除\",\"url\":\"\",\"permission\":\"sys:menu:delete\",\"type\":\"1\",\"component\":null,\"keepAlive\":null,\"icon\":\"\",\"status\":1,\"sort\":null}],\"menuName\":\"菜单管理\",\"url\":\"/menu\",\"permission\":null,\"type\":\"0\",\"component\":null,\"keepAlive\":null,\"icon\":\"el-icon-menu\",\"status\":1,\"sort\":5},{\"id\":29,\"parentId\":1,\"children\":[{\"id\":30,\"parentId\":29,\"children\":[],\"menuName\":\"角色查询\",\"url\":\"\",\"permission\":\"sys:role:view\",\"type\":\"1\",\"component\":null,\"keepAlive\":null,\"icon\":\"\",\"status\":null,\"sort\":null},{\"id\":31,\"parentId\":29,\"children\":[],\"menuName\":\"角色修改\",\"url\":\"\",\"permission\":\"sys:role:update\",\"type\":\"1\",\"component\":null,\"keepAlive\":null,\"icon\":\"\",\"status\":null,\"sort\":null},{\"id\":32,\"parentId\":29,\"children\":[],\"menuName\":\"角色删除\",\"url\":\"\",\"permission\":\"sys:role:delete\",\"type\":\"1\",\"component\":null,\"keepAlive\":null,\"icon\":\"\",\"status\":null,\"sort\":null},{\"id\":33,\"parentId\":29,\"children\":[],\"menuName\":\"角色新增\",\"url\":\"\",\"permission\":\"sys:role:add\",\"type\":\"1\",\"component\":null,\"keepAlive\":null,\"icon\":\"\",\"status\":null,\"sort\":null},{\"id\":35,\"parentId\":29,\"children\":[],\"menuName\":\"分配权限\",\"url\":\"\",\"permission\":\"sys:permission:update\",\"type\":\"1\",\"component\":null,\"keepAlive\":null,\"icon\":\"\",\"status\":null,\"sort\":null}],\"menuName\":\"角色管理\",\"url\":\"/role\",\"permission\":\"\",\"type\":\"0\",\"component\":null,\"keepAlive\":null,\"icon\":\"el-icon-s-custom\",\"status\":null,\"sort\":null},{\"id\":39,\"parentId\":1,\"children\":[],\"menuName\":\"租户管理\",\"url\":\"/tenant\",\"permission\":\"\",\"type\":\"0\",\"component\":null,\"keepAlive\":null,\"icon\":\"el-icon-s-custom\",\"status\":1,\"sort\":null},{\"id\":41,\"parentId\":1,\"children\":[],\"menuName\":\"机构管理\",\"url\":\"/org\",\"permission\":\"\",\"type\":\"0\",\"component\":null,\"keepAlive\":null,\"icon\":\"el-icon-s-home\",\"status\":1,\"sort\":null}],\"menuName\":\"权限管理\",\"url\":\"/\",\"permission\":null,\"type\":\"0\",\"component\":null,\"keepAlive\":null,\"icon\":\"el-icon-setting\",\"status\":1,\"sort\":1},{\"id\":37,\"parentId\":0,\"children\":[],\"menuName\":\"百度\",\"url\":\"http://www.baidu.com\",\"permission\":\"\",\"type\":\"0\",\"component\":null,\"keepAlive\":null,\"icon\":\"el-icon-eleme\",\"status\":null,\"sort\":null},{\"id\":38,\"parentId\":0,\"children\":[],\"menuName\":\"腾讯网\",\"url\":\"http://qq.com\",\"permission\":\"\",\"type\":\"0\",\"component\":null,\"keepAlive\":null,\"icon\":\"el-icon-eleme\",\"status\":1,\"sort\":null},{\"id\":42,\"parentId\":0,\"children\":[{\"id\":3,\"parentId\":42,\"children\":[{\"id\":36,\"parentId\":3,\"children\":[],\"menuName\":\"日志查询\",\"url\":\"\",\"permission\":\"sys:log:view\",\"type\":\"1\",\"component\":null,\"keepAlive\":null,\"icon\":\"\",\"status\":null,\"sort\":null},{\"id\":53,\"parentId\":3,\"children\":[],\"menuName\":\"日志删除\",\"url\":null,\"permission\":\"sys:log:delete\",\"type\":\"1\",\"component\":null,\"keepAlive\":null,\"icon\":null,\"status\":1,\"sort\":null}],\"menuName\":\"系统日志\",\"url\":\"/log\",\"permission\":\"\",\"type\":\"0\",\"component\":null,\"keepAlive\":null,\"icon\":\"el-icon-tickets\",\"status\":1,\"sort\":2}],\"menuName\":\"系统监控\",\"url\":\"/monitor\",\"permission\":null,\"type\":\"0\",\"component\":null,\"keepAlive\":null,\"icon\":\"el-icon-monitor\",\"status\":1,\"sort\":null},{\"id\":43,\"parentId\":0,\"children\":[{\"id\":44,\"parentId\":43,\"children\":[{\"id\":47,\"parentId\":44,\"children\":[],\"menuName\":\"查询\",\"url\":null,\"permission\":\"sys:job:view\",\"type\":\"1\",\"component\":null,\"keepAlive\":null,\"icon\":null,\"status\":1,\"sort\":null},{\"id\":48,\"parentId\":44,\"children\":[],\"menuName\":\"修改/新增\",\"url\":null,\"permission\":\"sys:job:add\",\"type\":\"1\",\"component\":null,\"keepAlive\":null,\"icon\":null,\"status\":1,\"sort\":null},{\"id\":49,\"parentId\":44,\"children\":[],\"menuName\":\"删除任务\",\"url\":null,\"permission\":\"sys:job:delete\",\"type\":\"1\",\"component\":null,\"keepAlive\":null,\"icon\":null,\"status\":1,\"sort\":null},{\"id\":50,\"parentId\":44,\"children\":[],\"menuName\":\"手动执行一次任务\",\"url\":null,\"permission\":\"sys:job:trigger\",\"type\":\"1\",\"component\":null,\"keepAlive\":null,\"icon\":null,\"status\":1,\"sort\":null},{\"id\":51,\"parentId\":44,\"children\":[],\"menuName\":\"暂停任务\",\"url\":null,\"permission\":\"sys:job:pause\",\"type\":\"1\",\"component\":null,\"keepAlive\":null,\"icon\":null,\"status\":1,\"sort\":null},{\"id\":52,\"parentId\":44,\"children\":[],\"menuName\":\"恢复任务\",\"url\":null,\"permission\":\"sys:job:resume\",\"type\":\"1\",\"component\":null,\"keepAlive\":null,\"icon\":null,\"status\":1,\"sort\":null}],\"menuName\":\"任务管理\",\"url\":\"/job\",\"permission\":null,\"type\":\"0\",\"component\":null,\"keepAlive\":null,\"icon\":\"el-icon-time\",\"status\":1,\"sort\":null},{\"id\":46,\"parentId\":43,\"children\":[],\"menuName\":\"代码生成\",\"url\":\"/gen\",\"permission\":null,\"type\":\"0\",\"component\":null,\"keepAlive\":null,\"icon\":\"el-icon-set-up\",\"status\":1,\"sort\":null}],\"menuName\":\"系统工具\",\"url\":\"\",\"permission\":null,\"type\":\"0\",\"component\":null,\"keepAlive\":null,\"icon\":\"el-icon-suitcase-1\",\"status\":1,\"sort\":null},{\"id\":54,\"parentId\":0,\"children\":[{\"id\":55,\"parentId\":54,\"children\":[],\"menuName\":\"请假\",\"url\":\"/leaveBill\",\"permission\":null,\"type\":\"0\",\"component\":null,\"keepAlive\":null,\"icon\":\"el-icon-setting\",\"status\":1,\"sort\":null}],\"menuName\":\"OA办公\",\"url\":\"/oa\",\"permission\":null,\"type\":\"0\",\"component\":null,\"keepAlive\":null,\"icon\":\"el-icon-setting\",\"status\":1,\"sort\":null}]}', 'admin', '2021-08-01 15:58:44', '2021-08-01 15:58:44', 0, 1);
INSERT INTO `sys_log` VALUES (1143, '3', '查询角色', '192.168.31.70', '内网IP', '/roles/page', 'GET', 'size=%5B5%5D', 8, '{\"code\":0,\"msg\":\"请求成功\",\"data\":{\"records\":[{\"id\":1,\"roleName\":\"管理员\",\"roleCode\":\"admin\",\"sort\":1,\"status\":1,\"updateTime\":1591860704000,\"createTime\":1584981146000,\"delFlag\":0},{\"id\":2,\"roleName\":\"普通用户\",\"roleCode\":\"common\",\"sort\":2,\"status\":1,\"updateTime\":1591693579000,\"createTime\":1584981195000,\"delFlag\":0}],\"total\":2,\"size\":5,\"current\":1,\"orders\":[],\"optimizeCountSql\":true,\"hitCount\":false,\"searchCount\":true,\"pages\":1}}', 'admin', '2021-08-01 15:58:50', '2021-08-01 15:58:50', 0, 1);
INSERT INTO `sys_log` VALUES (1144, '3', '查询角色', '192.168.31.70', '内网IP', '/roles/page', 'GET', 'size=%5B5%5D', 6, '{\"code\":0,\"msg\":\"请求成功\",\"data\":{\"records\":[{\"id\":1,\"roleName\":\"管理员\",\"roleCode\":\"admin\",\"sort\":1,\"status\":1,\"updateTime\":1591860704000,\"createTime\":1584981146000,\"delFlag\":0},{\"id\":2,\"roleName\":\"普通用户\",\"roleCode\":\"common\",\"sort\":2,\"status\":1,\"updateTime\":1591693579000,\"createTime\":1584981195000,\"delFlag\":0}],\"total\":2,\"size\":5,\"current\":1,\"orders\":[],\"optimizeCountSql\":true,\"hitCount\":false,\"searchCount\":true,\"pages\":1}}', 'admin', '2021-08-01 15:59:02', '2021-08-01 15:59:02', 0, 1);
INSERT INTO `sys_log` VALUES (1145, '1', 'admin用户登录', '192.168.31.70', '内网IP', '/certification', 'POST', 'username=%5Badmin%5D&password=%5B123456%5D', NULL, NULL, 'admin', '2021-08-01 17:43:19', '2021-08-01 17:43:19', 0, 1);
INSERT INTO `sys_log` VALUES (1146, '3', '查询角色', '192.168.31.70', '内网IP', '/roles/page', 'GET', 'size=%5B5%5D', 10, '{\"code\":0,\"msg\":\"请求成功\",\"data\":{\"records\":[{\"id\":1,\"roleName\":\"管理员\",\"roleCode\":\"admin\",\"sort\":1,\"status\":1,\"updateTime\":1591860704000,\"createTime\":1584981146000,\"delFlag\":0},{\"id\":2,\"roleName\":\"普通用户\",\"roleCode\":\"common\",\"sort\":2,\"status\":1,\"updateTime\":1591693579000,\"createTime\":1584981195000,\"delFlag\":0}],\"total\":2,\"size\":5,\"current\":1,\"orders\":[],\"optimizeCountSql\":true,\"hitCount\":false,\"searchCount\":true,\"pages\":1}}', 'admin', '2021-08-01 17:47:52', '2021-08-01 17:47:52', 0, 1);
INSERT INTO `sys_log` VALUES (1147, '1', 'admin用户退出系统', '192.168.31.70', '内网IP', '/signout', 'GET', '', NULL, NULL, NULL, '2021-08-01 18:17:10', '2021-08-01 18:17:10', 0, 1);
INSERT INTO `sys_log` VALUES (1148, '1', 'admin用户登录', '192.168.31.70', '内网IP', '/certification', 'POST', 'username=%5Badmin%5D&password=%5B123456%5D', NULL, NULL, 'admin', '2021-08-01 18:17:11', '2021-08-01 18:17:11', 0, 1);
INSERT INTO `sys_log` VALUES (1149, '1', 'zhangsan用户登录', '0:0:0:0:0:0:0:1', '山西省 太原市', '/certification', 'POST', 'username=%5Bzhangsan%5D&password=%5B123456%5D', NULL, NULL, 'zhangsan', '2021-08-01 18:18:02', '2021-08-01 18:18:02', 0, 1);
INSERT INTO `sys_log` VALUES (1150, '1', 'zhangsan用户登录', '0:0:0:0:0:0:0:1', '山西省 太原市', '/certification', 'POST', 'username=%5Bzhangsan%5D&password=%5B123456%5D', NULL, NULL, 'zhangsan', '2021-08-01 18:18:18', '2021-08-01 18:18:18', 0, 1);
INSERT INTO `sys_log` VALUES (1151, '3', '查询角色', '192.168.31.70', '内网IP', '/roles/page', 'GET', 'size=%5B5%5D', 9, '{\"code\":0,\"msg\":\"请求成功\",\"data\":{\"records\":[{\"id\":1,\"roleName\":\"管理员\",\"roleCode\":\"admin\",\"sort\":1,\"status\":1,\"updateTime\":1591860704000,\"createTime\":1584981146000,\"delFlag\":0},{\"id\":2,\"roleName\":\"普通用户\",\"roleCode\":\"common\",\"sort\":2,\"status\":1,\"updateTime\":1591693579000,\"createTime\":1584981195000,\"delFlag\":0}],\"total\":2,\"size\":5,\"current\":1,\"orders\":[],\"optimizeCountSql\":true,\"hitCount\":false,\"searchCount\":true,\"pages\":1}}', 'admin', '2021-08-01 18:22:01', '2021-08-01 18:22:01', 0, 1);
INSERT INTO `sys_log` VALUES (1152, '2', '查询菜单', '192.168.31.70', '内网IP', '/menus/treePage', 'GET', '', 5, '{\"code\":0,\"msg\":\"请求成功\",\"data\":[{\"id\":1,\"parentId\":0,\"children\":[{\"id\":2,\"parentId\":1,\"children\":[{\"id\":7,\"parentId\":2,\"children\":[],\"menuName\":\"用户查询\",\"url\":\"\",\"permission\":\"sys:user:view\",\"type\":\"1\",\"component\":null,\"keepAlive\":null,\"icon\":null,\"status\":1,\"sort\":null},{\"id\":8,\"parentId\":2,\"children\":[],\"menuName\":\"用户新增\",\"url\":\"\",\"permission\":\"sys:user:add\",\"type\":\"1\",\"component\":null,\"keepAlive\":null,\"icon\":null,\"status\":1,\"sort\":null},{\"id\":14,\"parentId\":2,\"children\":[],\"menuName\":\"更新用户\",\"url\":\"\",\"permission\":\"sys:user:update\",\"type\":\"1\",\"component\":null,\"keepAlive\":null,\"icon\":\"\",\"status\":1,\"sort\":null},{\"id\":34,\"parentId\":2,\"children\":[],\"menuName\":\"用户删除\",\"url\":\"\",\"permission\":\"sys:user:delete\",\"type\":\"1\",\"component\":null,\"keepAlive\":null,\"icon\":\"\",\"status\":null,\"sort\":null}],\"menuName\":\"用户管理\",\"url\":\"/user\",\"permission\":\"\",\"type\":\"0\",\"component\":null,\"keepAlive\":null,\"icon\":\"el-icon-user\",\"status\":1,\"sort\":1},{\"id\":9,\"parentId\":1,\"children\":[{\"id\":16,\"parentId\":9,\"children\":[],\"menuName\":\"菜单查询\",\"url\":null,\"permission\":\"sys:menu:view\",\"type\":\"1\",\"component\":null,\"keepAlive\":null,\"icon\":null,\"status\":1,\"sort\":null},{\"id\":18,\"parentId\":9,\"children\":[],\"menuName\":\"菜单新增\",\"url\":null,\"permission\":\"sys:menu:add\",\"type\":\"1\",\"component\":null,\"keepAlive\":null,\"icon\":null,\"status\":1,\"sort\":null},{\"id\":21,\"parentId\":9,\"children\":[],\"menuName\":\"菜单修改\",\"url\":\"\",\"permission\":\"sys:menu:update\",\"type\":\"1\",\"component\":null,\"keepAlive\":null,\"icon\":\"\",\"status\":1,\"sort\":null},{\"id\":22,\"parentId\":9,\"children\":[],\"menuName\":\"菜单删除\",\"url\":\"\",\"permission\":\"sys:menu:delete\",\"type\":\"1\",\"component\":null,\"keepAlive\":null,\"icon\":\"\",\"status\":1,\"sort\":null}],\"menuName\":\"菜单管理\",\"url\":\"/menu\",\"permission\":null,\"type\":\"0\",\"component\":null,\"keepAlive\":null,\"icon\":\"el-icon-menu\",\"status\":1,\"sort\":5},{\"id\":29,\"parentId\":1,\"children\":[{\"id\":30,\"parentId\":29,\"children\":[],\"menuName\":\"角色查询\",\"url\":\"\",\"permission\":\"sys:role:view\",\"type\":\"1\",\"component\":null,\"keepAlive\":null,\"icon\":\"\",\"status\":null,\"sort\":null},{\"id\":31,\"parentId\":29,\"children\":[],\"menuName\":\"角色修改\",\"url\":\"\",\"permission\":\"sys:role:update\",\"type\":\"1\",\"component\":null,\"keepAlive\":null,\"icon\":\"\",\"status\":null,\"sort\":null},{\"id\":32,\"parentId\":29,\"children\":[],\"menuName\":\"角色删除\",\"url\":\"\",\"permission\":\"sys:role:delete\",\"type\":\"1\",\"component\":null,\"keepAlive\":null,\"icon\":\"\",\"status\":null,\"sort\":null},{\"id\":33,\"parentId\":29,\"children\":[],\"menuName\":\"角色新增\",\"url\":\"\",\"permission\":\"sys:role:add\",\"type\":\"1\",\"component\":null,\"keepAlive\":null,\"icon\":\"\",\"status\":null,\"sort\":null},{\"id\":35,\"parentId\":29,\"children\":[],\"menuName\":\"分配权限\",\"url\":\"\",\"permission\":\"sys:permission:update\",\"type\":\"1\",\"component\":null,\"keepAlive\":null,\"icon\":\"\",\"status\":null,\"sort\":null}],\"menuName\":\"角色管理\",\"url\":\"/role\",\"permission\":\"\",\"type\":\"0\",\"component\":null,\"keepAlive\":null,\"icon\":\"el-icon-s-custom\",\"status\":null,\"sort\":null},{\"id\":39,\"parentId\":1,\"children\":[],\"menuName\":\"租户管理\",\"url\":\"/tenant\",\"permission\":\"\",\"type\":\"0\",\"component\":null,\"keepAlive\":null,\"icon\":\"el-icon-s-custom\",\"status\":1,\"sort\":null},{\"id\":41,\"parentId\":1,\"children\":[],\"menuName\":\"机构管理\",\"url\":\"/org\",\"permission\":\"\",\"type\":\"0\",\"component\":null,\"keepAlive\":null,\"icon\":\"el-icon-s-home\",\"status\":1,\"sort\":null}],\"menuName\":\"权限管理\",\"url\":\"/\",\"permission\":null,\"type\":\"0\",\"component\":null,\"keepAlive\":null,\"icon\":\"el-icon-setting\",\"status\":1,\"sort\":1},{\"id\":37,\"parentId\":0,\"children\":[],\"menuName\":\"百度\",\"url\":\"http://www.baidu.com\",\"permission\":\"\",\"type\":\"0\",\"component\":null,\"keepAlive\":null,\"icon\":\"el-icon-eleme\",\"status\":null,\"sort\":null},{\"id\":38,\"parentId\":0,\"children\":[],\"menuName\":\"腾讯网\",\"url\":\"http://qq.com\",\"permission\":\"\",\"type\":\"0\",\"component\":null,\"keepAlive\":null,\"icon\":\"el-icon-eleme\",\"status\":1,\"sort\":null},{\"id\":42,\"parentId\":0,\"children\":[{\"id\":3,\"parentId\":42,\"children\":[{\"id\":36,\"parentId\":3,\"children\":[],\"menuName\":\"日志查询\",\"url\":\"\",\"permission\":\"sys:log:view\",\"type\":\"1\",\"component\":null,\"keepAlive\":null,\"icon\":\"\",\"status\":null,\"sort\":null},{\"id\":53,\"parentId\":3,\"children\":[],\"menuName\":\"日志删除\",\"url\":null,\"permission\":\"sys:log:delete\",\"type\":\"1\",\"component\":null,\"keepAlive\":null,\"icon\":null,\"status\":1,\"sort\":null}],\"menuName\":\"系统日志\",\"url\":\"/log\",\"permission\":\"\",\"type\":\"0\",\"component\":null,\"keepAlive\":null,\"icon\":\"el-icon-tickets\",\"status\":1,\"sort\":2}],\"menuName\":\"系统监控\",\"url\":\"/monitor\",\"permission\":null,\"type\":\"0\",\"component\":null,\"keepAlive\":null,\"icon\":\"el-icon-monitor\",\"status\":1,\"sort\":null},{\"id\":43,\"parentId\":0,\"children\":[{\"id\":44,\"parentId\":43,\"children\":[{\"id\":47,\"parentId\":44,\"children\":[],\"menuName\":\"查询\",\"url\":null,\"permission\":\"sys:job:view\",\"type\":\"1\",\"component\":null,\"keepAlive\":null,\"icon\":null,\"status\":1,\"sort\":null},{\"id\":48,\"parentId\":44,\"children\":[],\"menuName\":\"修改/新增\",\"url\":null,\"permission\":\"sys:job:add\",\"type\":\"1\",\"component\":null,\"keepAlive\":null,\"icon\":null,\"status\":1,\"sort\":null},{\"id\":49,\"parentId\":44,\"children\":[],\"menuName\":\"删除任务\",\"url\":null,\"permission\":\"sys:job:delete\",\"type\":\"1\",\"component\":null,\"keepAlive\":null,\"icon\":null,\"status\":1,\"sort\":null},{\"id\":50,\"parentId\":44,\"children\":[],\"menuName\":\"手动执行一次任务\",\"url\":null,\"permission\":\"sys:job:trigger\",\"type\":\"1\",\"component\":null,\"keepAlive\":null,\"icon\":null,\"status\":1,\"sort\":null},{\"id\":51,\"parentId\":44,\"children\":[],\"menuName\":\"暂停任务\",\"url\":null,\"permission\":\"sys:job:pause\",\"type\":\"1\",\"component\":null,\"keepAlive\":null,\"icon\":null,\"status\":1,\"sort\":null},{\"id\":52,\"parentId\":44,\"children\":[],\"menuName\":\"恢复任务\",\"url\":null,\"permission\":\"sys:job:resume\",\"type\":\"1\",\"component\":null,\"keepAlive\":null,\"icon\":null,\"status\":1,\"sort\":null}],\"menuName\":\"任务管理\",\"url\":\"/job\",\"permission\":null,\"type\":\"0\",\"component\":null,\"keepAlive\":null,\"icon\":\"el-icon-time\",\"status\":1,\"sort\":null},{\"id\":46,\"parentId\":43,\"children\":[],\"menuName\":\"代码生成\",\"url\":\"/gen\",\"permission\":null,\"type\":\"0\",\"component\":null,\"keepAlive\":null,\"icon\":\"el-icon-set-up\",\"status\":1,\"sort\":null}],\"menuName\":\"系统工具\",\"url\":\"\",\"permission\":null,\"type\":\"0\",\"component\":null,\"keepAlive\":null,\"icon\":\"el-icon-suitcase-1\",\"status\":1,\"sort\":null},{\"id\":54,\"parentId\":0,\"children\":[{\"id\":55,\"parentId\":54,\"children\":[],\"menuName\":\"请假\",\"url\":\"/leaveBill\",\"permission\":null,\"type\":\"0\",\"component\":null,\"keepAlive\":null,\"icon\":\"el-icon-setting\",\"status\":1,\"sort\":null}],\"menuName\":\"OA办公\",\"url\":\"/oa\",\"permission\":null,\"type\":\"0\",\"component\":null,\"keepAlive\":null,\"icon\":\"el-icon-setting\",\"status\":1,\"sort\":null}]}', 'admin', '2021-08-01 18:22:04', '2021-08-01 18:22:04', 0, 1);
INSERT INTO `sys_log` VALUES (1153, '1', 'admin用户退出系统', '192.168.31.70', '内网IP', '/signout', 'GET', '', NULL, NULL, NULL, '2021-08-01 18:22:10', '2021-08-01 18:22:10', 0, 1);
INSERT INTO `sys_log` VALUES (1154, '1', 'zhangsan用户登录', '192.168.31.70', '内网IP', '/certification', 'POST', 'username=%5Bzhangsan%5D&password=%5B123456%5D', NULL, NULL, 'zhangsan', '2021-08-01 18:22:16', '2021-08-01 18:22:16', 0, 1);
INSERT INTO `sys_log` VALUES (1155, '1', 'zhangsan用户登录', '0:0:0:0:0:0:0:1', '山西省 太原市', '/certification', 'POST', 'username=%5Bzhangsan%5D&password=%5B123456%5D', NULL, NULL, 'zhangsan', '2021-08-01 18:57:18', '2021-08-01 18:57:18', 0, 1);
INSERT INTO `sys_log` VALUES (1156, '1', 'zhangsan用户退出系统', '192.168.31.70', '内网IP', '/signout', 'GET', '', NULL, NULL, NULL, '2021-08-01 19:11:51', '2021-08-01 19:11:51', 0, 1);
INSERT INTO `sys_log` VALUES (1157, '1', 'admin用户登录', '192.168.31.70', '内网IP', '/certification', 'POST', 'username=%5Badmin%5D&password=%5B123456%5D', NULL, NULL, 'admin', '2021-08-01 19:11:52', '2021-08-01 19:11:52', 0, 1);
INSERT INTO `sys_log` VALUES (1158, '1', 'admin用户登录', '192.168.31.70', '内网IP', '/certification', 'POST', 'username=%5Badmin%5D&password=%5B123456%5D', NULL, NULL, 'admin', '2021-08-01 19:12:03', '2021-08-01 19:12:03', 0, 1);
INSERT INTO `sys_log` VALUES (1159, '1', 'admin用户登录', '192.168.31.70', '内网IP', '/certification', 'POST', 'username=%5Badmin%5D&password=%5B123456%5D', NULL, NULL, 'admin', '2021-08-01 19:13:01', '2021-08-01 19:13:01', 0, 1);
INSERT INTO `sys_log` VALUES (1160, '1', 'admin用户退出系统', '192.168.31.70', '内网IP', '/signout', 'GET', '', NULL, NULL, NULL, '2021-08-01 19:14:27', '2021-08-01 19:14:27', 0, 1);
INSERT INTO `sys_log` VALUES (1161, '1', 'admin用户登录', '192.168.31.70', '内网IP', '/certification', 'POST', 'username=%5Badmin%5D&password=%5B123456%5D', NULL, NULL, 'admin', '2021-08-01 19:14:30', '2021-08-01 19:14:30', 0, 1);
INSERT INTO `sys_log` VALUES (1162, '1', 'admin用户退出系统', '192.168.31.70', '内网IP', '/signout', 'GET', '', NULL, NULL, NULL, '2021-08-01 19:14:56', '2021-08-01 19:14:56', 0, 1);
INSERT INTO `sys_log` VALUES (1163, '1', 'admin用户登录', '192.168.31.70', '内网IP', '/certification', 'POST', 'username=%5Badmin%5D&password=%5B123456%5D', NULL, NULL, 'admin', '2021-08-01 19:14:59', '2021-08-01 19:14:59', 0, 1);
INSERT INTO `sys_log` VALUES (1164, '1', 'admin用户退出系统', '192.168.31.70', '内网IP', '/signout', 'GET', '', NULL, NULL, NULL, '2021-08-01 19:23:45', '2021-08-01 19:23:45', 0, 1);
INSERT INTO `sys_log` VALUES (1165, '1', 'admin用户登录', '192.168.31.70', '内网IP', '/certification', 'POST', 'username=%5Badmin%5D&password=%5B123456%5D', NULL, NULL, 'admin', '2021-08-01 19:23:48', '2021-08-01 19:23:48', 0, 1);
INSERT INTO `sys_log` VALUES (1166, '1', 'admin用户登录', '192.168.31.70', '内网IP', '/certification', 'POST', 'username=%5Badmin%5D&password=%5B123456%5D', NULL, NULL, 'admin', '2021-08-01 19:24:27', '2021-08-01 19:24:27', 0, 1);
INSERT INTO `sys_log` VALUES (1167, '1', 'admin用户登录', '192.168.31.70', '内网IP', '/certification', 'POST', 'username=%5Badmin%5D&password=%5B123456%5D', NULL, NULL, 'admin', '2021-08-01 21:46:35', '2021-08-01 21:46:35', 0, 1);
INSERT INTO `sys_log` VALUES (1168, '1', 'admin用户退出系统', '192.168.31.70', '内网IP', '/signout', 'GET', '', NULL, NULL, NULL, '2021-08-01 21:46:42', '2021-08-01 21:46:42', 0, 1);
INSERT INTO `sys_log` VALUES (1169, '1', 'zhangsan用户登录', '192.168.31.70', '内网IP', '/certification', 'POST', 'username=%5Bzhangsan%5D&password=%5B123456%5D', NULL, NULL, 'zhangsan', '2021-08-01 21:46:48', '2021-08-01 21:46:48', 0, 1);
INSERT INTO `sys_log` VALUES (1170, '1', 'zhangsan用户登录', '0:0:0:0:0:0:0:1', '山西省 太原市', '/certification', 'POST', 'username=%5Bzhangsan%5D&password=%5B123456%5D', NULL, NULL, 'zhangsan', '2021-08-01 22:21:31', '2021-08-01 22:21:31', 0, 1);
INSERT INTO `sys_log` VALUES (1171, '1', '查询用户列表', '192.168.31.70', '内网IP', '/users/page', 'GET', 'size=%5B10%5D', 6, '{\"code\":0,\"msg\":\"请求成功\",\"data\":{\"records\":[{\"id\":1,\"orgId\":3,\"username\":\"sadmin\",\"email\":\"23xxx@qq.com\",\"phone\":\"18911483365\",\"avatar\":null,\"status\":true,\"sort\":1,\"createTime\":null,\"updateTime\":1604290229000,\"delFlag\":0},{\"id\":2,\"orgId\":null,\"username\":\"admin\",\"email\":\"22@qq.com\",\"phone\":\"189222222\",\"avatar\":null,\"status\":true,\"sort\":null,\"createTime\":null,\"updateTime\":1604298484000,\"delFlag\":null},{\"id\":9,\"orgId\":3,\"username\":\"zhangsan\",\"email\":\"wuyanshen2012@hotmail.com\",\"phone\":\"18888888888\",\"avatar\":null,\"status\":true,\"sort\":null,\"createTime\":1627739824000,\"updateTime\":1627739824000,\"delFlag\":0},{\"id\":10,\"orgId\":2,\"username\":\"jl\",\"email\":\"wuyanshen2012@hotmail.com\",\"phone\":\"18888888888\",\"avatar\":null,\"status\":true,\"sort\":null,\"createTime\":1627739902000,\"updateTime\":1627739902000,\"delFlag\":0}],\"total\":4,\"size\":10,\"current\":1,\"orders\":[],\"optimizeCountSql\":true,\"hitCount\":false,\"searchCount\":true,\"pages\":1}}', 'zhangsan', '2021-08-01 22:35:14', '2021-08-01 22:35:14', 0, 1);
INSERT INTO `sys_log` VALUES (1172, '1', '查询用户列表', '192.168.31.70', '内网IP', '/users/page', 'GET', 'username=%5Ba%5D&size=%5B10%5D', 8, '{\"code\":0,\"msg\":\"请求成功\",\"data\":{\"records\":[{\"id\":1,\"orgId\":3,\"username\":\"sadmin\",\"email\":\"23xxx@qq.com\",\"phone\":\"18911483365\",\"avatar\":null,\"status\":true,\"sort\":1,\"createTime\":null,\"updateTime\":1604290229000,\"delFlag\":0},{\"id\":2,\"orgId\":null,\"username\":\"admin\",\"email\":\"22@qq.com\",\"phone\":\"189222222\",\"avatar\":null,\"status\":true,\"sort\":null,\"createTime\":null,\"updateTime\":1604298484000,\"delFlag\":null},{\"id\":9,\"orgId\":3,\"username\":\"zhangsan\",\"email\":\"wuyanshen2012@hotmail.com\",\"phone\":\"18888888888\",\"avatar\":null,\"status\":true,\"sort\":null,\"createTime\":1627739824000,\"updateTime\":1627739824000,\"delFlag\":0}],\"total\":3,\"size\":10,\"current\":1,\"orders\":[],\"optimizeCountSql\":true,\"hitCount\":false,\"searchCount\":true,\"pages\":1}}', 'zhangsan', '2021-08-01 22:35:17', '2021-08-01 22:35:17', 0, 1);
INSERT INTO `sys_log` VALUES (1173, '1', '查询用户列表', '192.168.31.70', '内网IP', '/users/page', 'GET', 'size=%5B10%5D', 6, '{\"code\":0,\"msg\":\"请求成功\",\"data\":{\"records\":[{\"id\":1,\"orgId\":3,\"username\":\"sadmin\",\"email\":\"23xxx@qq.com\",\"phone\":\"18911483365\",\"avatar\":null,\"status\":true,\"sort\":1,\"createTime\":null,\"updateTime\":1604290229000,\"delFlag\":0},{\"id\":2,\"orgId\":null,\"username\":\"admin\",\"email\":\"22@qq.com\",\"phone\":\"189222222\",\"avatar\":null,\"status\":true,\"sort\":null,\"createTime\":null,\"updateTime\":1604298484000,\"delFlag\":null},{\"id\":9,\"orgId\":3,\"username\":\"zhangsan\",\"email\":\"wuyanshen2012@hotmail.com\",\"phone\":\"18888888888\",\"avatar\":null,\"status\":true,\"sort\":null,\"createTime\":1627739824000,\"updateTime\":1627739824000,\"delFlag\":0},{\"id\":10,\"orgId\":2,\"username\":\"jl\",\"email\":\"wuyanshen2012@hotmail.com\",\"phone\":\"18888888888\",\"avatar\":null,\"status\":true,\"sort\":null,\"createTime\":1627739902000,\"updateTime\":1627739902000,\"delFlag\":0}],\"total\":4,\"size\":10,\"current\":1,\"orders\":[],\"optimizeCountSql\":true,\"hitCount\":false,\"searchCount\":true,\"pages\":1}}', 'zhangsan', '2021-08-01 22:35:18', '2021-08-01 22:35:18', 0, 1);
INSERT INTO `sys_log` VALUES (1174, '1', '查询用户列表', '192.168.31.70', '内网IP', '/users/page', 'GET', 'size=%5B10%5D', 9, '{\"code\":0,\"msg\":\"请求成功\",\"data\":{\"records\":[{\"id\":1,\"orgId\":3,\"username\":\"sadmin\",\"email\":\"23xxx@qq.com\",\"phone\":\"18911483365\",\"avatar\":null,\"status\":true,\"sort\":1,\"createTime\":null,\"updateTime\":1604290229000,\"delFlag\":0},{\"id\":2,\"orgId\":null,\"username\":\"admin\",\"email\":\"22@qq.com\",\"phone\":\"189222222\",\"avatar\":null,\"status\":true,\"sort\":null,\"createTime\":null,\"updateTime\":1604298484000,\"delFlag\":null},{\"id\":9,\"orgId\":3,\"username\":\"zhangsan\",\"email\":\"wuyanshen2012@hotmail.com\",\"phone\":\"18888888888\",\"avatar\":null,\"status\":true,\"sort\":null,\"createTime\":1627739824000,\"updateTime\":1627739824000,\"delFlag\":0},{\"id\":10,\"orgId\":2,\"username\":\"jl\",\"email\":\"wuyanshen2012@hotmail.com\",\"phone\":\"18888888888\",\"avatar\":null,\"status\":true,\"sort\":null,\"createTime\":1627739902000,\"updateTime\":1627739902000,\"delFlag\":0}],\"total\":4,\"size\":10,\"current\":1,\"orders\":[],\"optimizeCountSql\":true,\"hitCount\":false,\"searchCount\":true,\"pages\":1}}', 'zhangsan', '2021-08-01 22:41:57', '2021-08-01 22:41:57', 0, 1);
INSERT INTO `sys_log` VALUES (1175, '1', '查询用户列表', '192.168.31.70', '内网IP', '/users/page', 'GET', 'size=%5B10%5D', 7, '{\"code\":0,\"msg\":\"请求成功\",\"data\":{\"records\":[{\"id\":1,\"orgId\":3,\"username\":\"sadmin\",\"email\":\"23xxx@qq.com\",\"phone\":\"18911483365\",\"avatar\":null,\"status\":true,\"sort\":1,\"createTime\":null,\"updateTime\":1604290229000,\"delFlag\":0},{\"id\":2,\"orgId\":null,\"username\":\"admin\",\"email\":\"22@qq.com\",\"phone\":\"189222222\",\"avatar\":null,\"status\":true,\"sort\":null,\"createTime\":null,\"updateTime\":1604298484000,\"delFlag\":null},{\"id\":9,\"orgId\":3,\"username\":\"zhangsan\",\"email\":\"wuyanshen2012@hotmail.com\",\"phone\":\"18888888888\",\"avatar\":null,\"status\":true,\"sort\":null,\"createTime\":1627739824000,\"updateTime\":1627739824000,\"delFlag\":0},{\"id\":10,\"orgId\":2,\"username\":\"jl\",\"email\":\"wuyanshen2012@hotmail.com\",\"phone\":\"18888888888\",\"avatar\":null,\"status\":true,\"sort\":null,\"createTime\":1627739902000,\"updateTime\":1627739902000,\"delFlag\":0}],\"total\":4,\"size\":10,\"current\":1,\"orders\":[],\"optimizeCountSql\":true,\"hitCount\":false,\"searchCount\":true,\"pages\":1}}', 'zhangsan', '2021-08-01 22:41:59', '2021-08-01 22:41:59', 0, 1);

-- ----------------------------
-- Table structure for sys_menu
-- ----------------------------
DROP TABLE IF EXISTS `sys_menu`;
CREATE TABLE `sys_menu`  (
  `id` int NOT NULL AUTO_INCREMENT COMMENT '主键id',
  `menu_pid` int NULL DEFAULT NULL COMMENT '父id',
  `menu_pids` varchar(64) CHARACTER SET utf8 COLLATE utf8_general_ci NULL DEFAULT NULL COMMENT '所有的父id',
  `menu_name` varchar(20) CHARACTER SET utf8 COLLATE utf8_general_ci NULL DEFAULT NULL COMMENT '菜单名称',
  `url` varchar(64) CHARACTER SET utf8 COLLATE utf8_general_ci NULL DEFAULT NULL COMMENT '菜单路径',
  `permission` varchar(64) CHARACTER SET utf8 COLLATE utf8_general_ci NULL DEFAULT NULL COMMENT '权限标识',
  `icon` varchar(20) CHARACTER SET utf8 COLLATE utf8_general_ci NULL DEFAULT NULL COMMENT '菜单图标',
  `component` varchar(20) CHARACTER SET utf8 COLLATE utf8_general_ci NULL DEFAULT NULL COMMENT 'VUE页面',
  `type` varchar(5) CHARACTER SET utf8 COLLATE utf8_general_ci NULL DEFAULT NULL COMMENT '菜单类型(0菜单1按钮)',
  `keep_alive` varchar(5) CHARACTER SET utf8 COLLATE utf8_general_ci NULL DEFAULT NULL COMMENT '路由缓冲(1开启0关闭)',
  `status` int NULL DEFAULT 1 COMMENT '状态,1可用0不可用',
  `sort` int NULL DEFAULT NULL COMMENT '排序',
  `create_time` timestamp(0) NULL DEFAULT CURRENT_TIMESTAMP(0) COMMENT '创建时间',
  `update_time` timestamp(0) NULL DEFAULT CURRENT_TIMESTAMP(0) ON UPDATE CURRENT_TIMESTAMP(0) COMMENT '更新时间',
  `del_flag` int NULL DEFAULT 0 COMMENT '是否删除,1已删0未删',
  `tenant_id` int NULL DEFAULT 1 COMMENT '租户id',
  PRIMARY KEY (`id`) USING BTREE
) ENGINE = InnoDB AUTO_INCREMENT = 56 CHARACTER SET = utf8 COLLATE = utf8_general_ci COMMENT = '菜单表' ROW_FORMAT = Dynamic;

-- ----------------------------
-- Records of sys_menu
-- ----------------------------
INSERT INTO `sys_menu` VALUES (1, 0, '0', '权限管理', '/', NULL, 'el-icon-setting', NULL, '0', NULL, 1, 1, '2020-03-24 00:25:57', '2021-01-20 16:14:49', 0, 1);
INSERT INTO `sys_menu` VALUES (2, 1, '1', '用户管理', '/user', '', 'el-icon-user', NULL, '0', NULL, 1, 1, '2020-03-24 00:41:33', '2020-06-10 19:02:04', 0, 1);
INSERT INTO `sys_menu` VALUES (3, 42, '1', '系统日志', '/log', '', 'el-icon-tickets', NULL, '0', NULL, 1, 2, '2020-03-24 00:42:09', '2021-01-25 14:30:46', 0, 1);
INSERT INTO `sys_menu` VALUES (7, 2, '1,2', '用户查询', '', 'sys:user:view', NULL, NULL, '1', NULL, 1, NULL, '2020-03-24 16:24:46', '2020-06-12 11:18:57', 0, 1);
INSERT INTO `sys_menu` VALUES (8, 2, '1,2', '用户新增', '', 'sys:user:add', NULL, NULL, '1', NULL, 1, NULL, '2020-03-28 01:58:00', '2020-04-12 19:34:03', 0, 1);
INSERT INTO `sys_menu` VALUES (9, 1, '1', '菜单管理', '/menu', NULL, 'el-icon-menu', NULL, '0', NULL, 1, 5, '2020-03-30 17:27:06', '2020-04-13 17:44:24', 0, 1);
INSERT INTO `sys_menu` VALUES (14, 2, NULL, '更新用户', '', 'sys:user:update', '', NULL, '1', NULL, 1, NULL, NULL, '2020-06-08 17:47:36', NULL, 1);
INSERT INTO `sys_menu` VALUES (16, 9, NULL, '菜单查询', NULL, 'sys:menu:view', NULL, NULL, '1', NULL, 1, NULL, '2020-06-08 16:50:32', '2020-06-08 16:50:32', 0, 1);
INSERT INTO `sys_menu` VALUES (18, 9, NULL, '菜单新增', NULL, 'sys:menu:add', NULL, NULL, '1', NULL, 1, NULL, '2020-06-08 16:56:22', '2020-06-08 16:56:22', 0, 1);
INSERT INTO `sys_menu` VALUES (21, 9, NULL, '菜单修改', '', 'sys:menu:update', '', NULL, '1', NULL, 1, NULL, NULL, '2020-06-08 17:37:05', NULL, 1);
INSERT INTO `sys_menu` VALUES (22, 9, NULL, '菜单删除', '', 'sys:menu:delete', '', NULL, '1', NULL, 1, NULL, NULL, '2020-06-08 18:03:20', NULL, 1);
INSERT INTO `sys_menu` VALUES (29, 1, NULL, '角色管理', '/role', '', 'el-icon-s-custom', NULL, '0', NULL, NULL, NULL, NULL, '2020-06-10 09:44:32', NULL, 1);
INSERT INTO `sys_menu` VALUES (30, 29, NULL, '角色查询', '', 'sys:role:view', '', NULL, '1', NULL, NULL, NULL, NULL, '2020-06-10 09:44:33', NULL, 1);
INSERT INTO `sys_menu` VALUES (31, 29, NULL, '角色修改', '', 'sys:role:update', '', NULL, '1', NULL, NULL, NULL, NULL, '2020-06-10 09:44:34', NULL, 1);
INSERT INTO `sys_menu` VALUES (32, 29, NULL, '角色删除', '', 'sys:role:delete', '', NULL, '1', NULL, NULL, NULL, NULL, '2020-06-10 09:44:35', NULL, 1);
INSERT INTO `sys_menu` VALUES (33, 29, NULL, '角色新增', '', 'sys:role:add', '', NULL, '1', NULL, NULL, NULL, NULL, '2020-06-10 09:44:36', NULL, 1);
INSERT INTO `sys_menu` VALUES (34, 2, NULL, '用户删除', '', 'sys:user:delete', '', NULL, '1', NULL, NULL, NULL, NULL, NULL, NULL, 1);
INSERT INTO `sys_menu` VALUES (35, 29, NULL, '分配权限', '', 'sys:permission:update', '', NULL, '1', NULL, NULL, NULL, NULL, NULL, NULL, 1);
INSERT INTO `sys_menu` VALUES (36, 3, NULL, '日志查询', '', 'sys:log:view', '', NULL, '1', NULL, NULL, NULL, NULL, NULL, NULL, 1);
INSERT INTO `sys_menu` VALUES (37, 0, NULL, '百度', 'http://www.baidu.com', '', 'el-icon-eleme', NULL, '0', NULL, NULL, NULL, NULL, '2021-01-25 14:25:31', NULL, 1);
INSERT INTO `sys_menu` VALUES (38, 0, NULL, '腾讯网', 'http://qq.com', '', 'el-icon-eleme', NULL, '0', NULL, 1, NULL, '2020-06-12 11:19:50', '2021-01-25 14:25:51', 0, 1);
INSERT INTO `sys_menu` VALUES (39, 1, '1', '租户管理', '/tenant', '', 'el-icon-s-custom', NULL, '0', NULL, 1, NULL, '2020-09-02 16:26:38', '2020-09-02 16:26:52', 0, 1);
INSERT INTO `sys_menu` VALUES (41, 1, '1', '机构管理', '/org', '', 'el-icon-s-home', NULL, '0', NULL, 1, NULL, '2020-11-05 14:46:26', '2020-11-05 14:55:54', 0, 1);
INSERT INTO `sys_menu` VALUES (42, 0, NULL, '系统监控', '/monitor', NULL, 'el-icon-monitor', NULL, '0', NULL, 1, NULL, '2021-01-20 16:07:46', '2021-01-25 14:29:26', 0, 1);
INSERT INTO `sys_menu` VALUES (43, 0, NULL, '系统工具', '', NULL, 'el-icon-suitcase-1', NULL, '0', NULL, 1, NULL, '2021-01-20 16:08:20', '2021-01-25 14:24:50', 0, 1);
INSERT INTO `sys_menu` VALUES (44, 43, NULL, '任务管理', '/job', NULL, 'el-icon-time', NULL, '0', NULL, 1, NULL, '2021-01-20 16:10:43', '2021-01-20 16:24:25', 0, 1);
INSERT INTO `sys_menu` VALUES (45, 45, NULL, '代码生成', NULL, NULL, NULL, NULL, '0', NULL, 1, NULL, '2021-01-20 16:15:29', '2021-01-20 16:15:35', 0, 1);
INSERT INTO `sys_menu` VALUES (46, 43, NULL, '代码生成', '/gen', NULL, 'el-icon-set-up', NULL, '0', NULL, 1, NULL, '2021-01-20 16:16:16', '2021-01-20 16:19:22', 0, 1);
INSERT INTO `sys_menu` VALUES (47, 44, NULL, '查询', NULL, 'sys:job:view', NULL, NULL, '1', NULL, 1, NULL, '2021-01-25 10:30:35', '2021-01-25 10:30:47', 0, 1);
INSERT INTO `sys_menu` VALUES (48, 44, NULL, '修改/新增', NULL, 'sys:job:add', NULL, NULL, '1', NULL, 1, NULL, '2021-01-25 10:31:35', '2021-01-25 10:31:46', 0, 1);
INSERT INTO `sys_menu` VALUES (49, 44, NULL, '删除任务', NULL, 'sys:job:delete', NULL, NULL, '1', NULL, 1, NULL, '2021-01-25 10:32:11', '2021-01-25 10:32:17', 0, 1);
INSERT INTO `sys_menu` VALUES (50, 44, NULL, '手动执行一次任务', NULL, 'sys:job:trigger', NULL, NULL, '1', NULL, 1, NULL, '2021-01-25 10:32:46', '2021-01-25 10:32:54', 0, 1);
INSERT INTO `sys_menu` VALUES (51, 44, NULL, '暂停任务', NULL, 'sys:job:pause', NULL, NULL, '1', NULL, 1, NULL, '2021-01-25 10:33:17', '2021-01-25 10:33:26', 0, 1);
INSERT INTO `sys_menu` VALUES (52, 44, NULL, '恢复任务', NULL, 'sys:job:resume', NULL, NULL, '1', NULL, 1, NULL, '2021-01-25 10:33:51', '2021-01-25 10:34:00', 0, 1);
INSERT INTO `sys_menu` VALUES (53, 3, NULL, '日志删除', NULL, 'sys:log:delete', NULL, NULL, '1', NULL, 1, NULL, '2021-07-31 16:31:55', '2021-07-31 16:32:06', 0, 1);
INSERT INTO `sys_menu` VALUES (54, 0, NULL, 'OA办公', '/oa', NULL, 'el-icon-setting', NULL, '0', NULL, 1, NULL, '2021-08-01 15:57:02', '2021-08-01 15:57:50', 0, 1);
INSERT INTO `sys_menu` VALUES (55, 54, NULL, '请假', '/leaveBill', NULL, 'el-icon-setting', NULL, '0', NULL, 1, NULL, '2021-08-01 15:58:07', '2021-08-01 15:58:38', 0, 1);

-- ----------------------------
-- Table structure for sys_org
-- ----------------------------
DROP TABLE IF EXISTS `sys_org`;
CREATE TABLE `sys_org`  (
  `id` int NOT NULL AUTO_INCREMENT COMMENT '主键id',
  `org_pid` int NULL DEFAULT NULL COMMENT '父节点id',
  `org_pids` varchar(20) CHARACTER SET utf8 COLLATE utf8_general_ci NULL DEFAULT NULL COMMENT '所有的父节点',
  `is_leaf` int NULL DEFAULT NULL COMMENT '是否叶子节点',
  `org_name` varchar(20) CHARACTER SET utf8 COLLATE utf8_general_ci NULL DEFAULT NULL COMMENT '组织机构名称',
  `address` varchar(64) CHARACTER SET utf8 COLLATE utf8_general_ci NULL DEFAULT NULL COMMENT '地址',
  `status` int NULL DEFAULT 1 COMMENT '状态,1启用0无效',
  `sort` int NULL DEFAULT NULL COMMENT '排序',
  `level` int NULL DEFAULT NULL COMMENT '菜单的层级',
  `create_time` timestamp(0) NULL DEFAULT CURRENT_TIMESTAMP(0) COMMENT '创建时间',
  `update_time` timestamp(0) NULL DEFAULT CURRENT_TIMESTAMP(0) ON UPDATE CURRENT_TIMESTAMP(0) COMMENT '更新时间',
  `del_flag` int NULL DEFAULT 0 COMMENT '是否删除,1已删0未删',
  `tenant_id` int NULL DEFAULT 1 COMMENT '租户id',
  PRIMARY KEY (`id`) USING BTREE
) ENGINE = InnoDB AUTO_INCREMENT = 8 CHARACTER SET = utf8 COLLATE = utf8_general_ci COMMENT = '组织机构表' ROW_FORMAT = Dynamic;

-- ----------------------------
-- Records of sys_org
-- ----------------------------
INSERT INTO `sys_org` VALUES (1, 0, '0', 0, 'cup总部', '北京海淀', 1, 1, 1, '2020-03-24 00:34:37', '2020-11-05 14:52:09', 0, 1);
INSERT INTO `sys_org` VALUES (2, 1, '1', 0, '研发部', '北京海淀', 1, 1, 2, '2020-03-24 00:36:31', '2020-03-24 00:36:31', 0, 1);
INSERT INTO `sys_org` VALUES (3, 2, '1,2', 1, '研发一部', '北京海淀', 1, 1, 3, '2020-03-24 00:37:36', '2020-03-24 00:37:36', 0, 1);
INSERT INTO `sys_org` VALUES (4, 2, '1,2', 1, '研发二部', '北京海淀', 1, 2, 3, '2020-03-24 00:38:09', '2020-03-24 00:38:09', 0, 1);
INSERT INTO `sys_org` VALUES (5, 0, NULL, 1, '测试机构', '', 1, 0, 1, '2020-11-05 14:48:15', '2020-11-05 14:48:15', 0, 1);
INSERT INTO `sys_org` VALUES (6, 1, '1', 1, '业务部', '北京海淀', 1, 1, 2, '2020-11-05 14:52:36', '2020-11-05 14:52:36', 0, 1);
INSERT INTO `sys_org` VALUES (7, 1, '1', 1, '人事部', '', 1, 0, 2, '2021-07-31 16:30:29', '2021-07-31 16:30:29', 0, 1);

-- ----------------------------
-- Table structure for sys_role
-- ----------------------------
DROP TABLE IF EXISTS `sys_role`;
CREATE TABLE `sys_role`  (
  `id` int NOT NULL AUTO_INCREMENT COMMENT '主键id',
  `role_name` varchar(20) CHARACTER SET utf8 COLLATE utf8_general_ci NULL DEFAULT NULL COMMENT '角色名称',
  `role_code` varchar(20) CHARACTER SET utf8 COLLATE utf8_general_ci NULL DEFAULT NULL COMMENT '角色英文名称',
  `sort` int NULL DEFAULT NULL COMMENT '排序',
  `status` int NULL DEFAULT 1 COMMENT '状态,1可用0不可用',
  `update_time` timestamp(0) NULL DEFAULT CURRENT_TIMESTAMP(0) ON UPDATE CURRENT_TIMESTAMP(0) COMMENT '更新时间',
  `create_time` timestamp(0) NOT NULL DEFAULT CURRENT_TIMESTAMP(0) COMMENT '创建时间',
  `del_flag` int NULL DEFAULT 0 COMMENT '是否删除,1已删0未删',
  `tenant_id` int NULL DEFAULT 1 COMMENT '租户id',
  PRIMARY KEY (`id`) USING BTREE
) ENGINE = InnoDB AUTO_INCREMENT = 11 CHARACTER SET = utf8 COLLATE = utf8_general_ci COMMENT = '角色表' ROW_FORMAT = Dynamic;

-- ----------------------------
-- Records of sys_role
-- ----------------------------
INSERT INTO `sys_role` VALUES (1, '管理员', 'admin', 1, 1, '2020-06-11 15:31:44', '2020-03-24 00:32:26', 0, 1);
INSERT INTO `sys_role` VALUES (2, '普通用户', 'common', 2, 1, '2020-06-09 17:06:19', '2020-03-24 00:33:15', 0, 1);

-- ----------------------------
-- Table structure for sys_role_menu
-- ----------------------------
DROP TABLE IF EXISTS `sys_role_menu`;
CREATE TABLE `sys_role_menu`  (
  `id` int NOT NULL AUTO_INCREMENT COMMENT '主键id',
  `role_id` int NULL DEFAULT NULL COMMENT '角色id',
  `menu_id` int NULL DEFAULT NULL COMMENT '菜单id',
  `tenant_id` int NULL DEFAULT 1 COMMENT '租户id',
  PRIMARY KEY (`id`) USING BTREE
) ENGINE = InnoDB AUTO_INCREMENT = 1024 CHARACTER SET = utf8 COLLATE = utf8_general_ci COMMENT = '角色和菜单关联表' ROW_FORMAT = Dynamic;

-- ----------------------------
-- Records of sys_role_menu
-- ----------------------------
INSERT INTO `sys_role_menu` VALUES (983, 1, 1, 1);
INSERT INTO `sys_role_menu` VALUES (984, 1, 2, 1);
INSERT INTO `sys_role_menu` VALUES (985, 1, 7, 1);
INSERT INTO `sys_role_menu` VALUES (986, 1, 8, 1);
INSERT INTO `sys_role_menu` VALUES (987, 1, 14, 1);
INSERT INTO `sys_role_menu` VALUES (988, 1, 34, 1);
INSERT INTO `sys_role_menu` VALUES (989, 1, 9, 1);
INSERT INTO `sys_role_menu` VALUES (990, 1, 16, 1);
INSERT INTO `sys_role_menu` VALUES (991, 1, 18, 1);
INSERT INTO `sys_role_menu` VALUES (992, 1, 21, 1);
INSERT INTO `sys_role_menu` VALUES (993, 1, 22, 1);
INSERT INTO `sys_role_menu` VALUES (994, 1, 29, 1);
INSERT INTO `sys_role_menu` VALUES (995, 1, 30, 1);
INSERT INTO `sys_role_menu` VALUES (996, 1, 31, 1);
INSERT INTO `sys_role_menu` VALUES (997, 1, 32, 1);
INSERT INTO `sys_role_menu` VALUES (998, 1, 33, 1);
INSERT INTO `sys_role_menu` VALUES (999, 1, 35, 1);
INSERT INTO `sys_role_menu` VALUES (1000, 1, 39, 1);
INSERT INTO `sys_role_menu` VALUES (1001, 1, 41, 1);
INSERT INTO `sys_role_menu` VALUES (1002, 1, 42, 1);
INSERT INTO `sys_role_menu` VALUES (1003, 1, 3, 1);
INSERT INTO `sys_role_menu` VALUES (1004, 1, 36, 1);
INSERT INTO `sys_role_menu` VALUES (1005, 1, 53, 1);
INSERT INTO `sys_role_menu` VALUES (1006, 1, 44, 1);
INSERT INTO `sys_role_menu` VALUES (1007, 1, 47, 1);
INSERT INTO `sys_role_menu` VALUES (1008, 1, 48, 1);
INSERT INTO `sys_role_menu` VALUES (1009, 1, 49, 1);
INSERT INTO `sys_role_menu` VALUES (1010, 1, 50, 1);
INSERT INTO `sys_role_menu` VALUES (1011, 1, 51, 1);
INSERT INTO `sys_role_menu` VALUES (1012, 1, 52, 1);
INSERT INTO `sys_role_menu` VALUES (1013, 1, 54, 1);
INSERT INTO `sys_role_menu` VALUES (1014, 1, 55, 1);
INSERT INTO `sys_role_menu` VALUES (1015, 1, 43, 1);
INSERT INTO `sys_role_menu` VALUES (1016, 2, 7, 1);
INSERT INTO `sys_role_menu` VALUES (1017, 2, 36, 1);
INSERT INTO `sys_role_menu` VALUES (1018, 2, 54, 1);
INSERT INTO `sys_role_menu` VALUES (1019, 2, 55, 1);
INSERT INTO `sys_role_menu` VALUES (1020, 2, 1, 1);
INSERT INTO `sys_role_menu` VALUES (1021, 2, 2, 1);
INSERT INTO `sys_role_menu` VALUES (1022, 2, 42, 1);
INSERT INTO `sys_role_menu` VALUES (1023, 2, 3, 1);

-- ----------------------------
-- Table structure for sys_tenant
-- ----------------------------
DROP TABLE IF EXISTS `sys_tenant`;
CREATE TABLE `sys_tenant`  (
  `id` int NOT NULL AUTO_INCREMENT COMMENT '主键id',
  `tenant_id` int NULL DEFAULT NULL COMMENT '租户编号',
  `tenant_name` varchar(50) CHARACTER SET utf8 COLLATE utf8_general_ci NULL DEFAULT NULL COMMENT '租户名称',
  `remark` varchar(100) CHARACTER SET utf8 COLLATE utf8_general_ci NULL DEFAULT NULL COMMENT '备注信息',
  `create_time` timestamp(0) NULL DEFAULT CURRENT_TIMESTAMP(0) COMMENT '创建时间',
  `update_time` timestamp(0) NULL DEFAULT CURRENT_TIMESTAMP(0) COMMENT '更新时间',
  `del_flag` char(1) CHARACTER SET utf8 COLLATE utf8_general_ci NULL DEFAULT '0' COMMENT '是否已删除(0:未删除1:已删除)',
  PRIMARY KEY (`id`) USING BTREE
) ENGINE = InnoDB AUTO_INCREMENT = 6 CHARACTER SET = utf8 COLLATE = utf8_general_ci COMMENT = '租户信息表' ROW_FORMAT = Dynamic;

-- ----------------------------
-- Records of sys_tenant
-- ----------------------------
INSERT INTO `sys_tenant` VALUES (1, 1, '北京卡普公司', '一家科技公司', '2020-08-28 13:48:16', '2020-08-28 13:48:16', '0');
INSERT INTO `sys_tenant` VALUES (4, 2, '上海卡普公司', 'IT', '2020-09-03 10:45:31', '2020-09-03 10:45:31', '0');

-- ----------------------------
-- Table structure for sys_user
-- ----------------------------
DROP TABLE IF EXISTS `sys_user`;
CREATE TABLE `sys_user`  (
  `id` int NOT NULL AUTO_INCREMENT COMMENT '主键id',
  `org_id` int NULL DEFAULT NULL COMMENT '组织机构id',
  `username` varchar(10) CHARACTER SET utf8 COLLATE utf8_general_ci NULL DEFAULT NULL COMMENT '用户名',
  `password` varchar(200) CHARACTER SET utf8 COLLATE utf8_general_ci NULL DEFAULT NULL COMMENT '密码',
  `email` varchar(50) CHARACTER SET utf8 COLLATE utf8_general_ci NULL DEFAULT NULL COMMENT '邮箱',
  `phone` varchar(20) CHARACTER SET utf8 COLLATE utf8_general_ci NULL DEFAULT NULL COMMENT '电话',
  `avatar` varchar(50) CHARACTER SET utf8 COLLATE utf8_general_ci NULL DEFAULT NULL COMMENT '头像',
  `status` int NULL DEFAULT 1 COMMENT '状态,1可用0不可用',
  `sort` int NULL DEFAULT NULL COMMENT '排序',
  `is_admin` int NULL DEFAULT NULL COMMENT '是否是系统管理员',
  `create_time` timestamp(0) NULL DEFAULT CURRENT_TIMESTAMP(0) COMMENT '创建时间',
  `update_time` timestamp(0) NULL DEFAULT CURRENT_TIMESTAMP(0) ON UPDATE CURRENT_TIMESTAMP(0) COMMENT '更新时间',
  `del_flag` int NULL DEFAULT 0 COMMENT '是否删除,1已删0未删',
  `tenant_id` int NULL DEFAULT 1 COMMENT '租户id',
  PRIMARY KEY (`id`) USING BTREE
) ENGINE = InnoDB AUTO_INCREMENT = 11 CHARACTER SET = utf8 COLLATE = utf8_general_ci COMMENT = '用户表' ROW_FORMAT = Dynamic;

-- ----------------------------
-- Records of sys_user
-- ----------------------------
INSERT INTO `sys_user` VALUES (1, 3, 'sadmin', '$2a$10$BqmyJhzbUTwAlW6JPQINZufIgEBVvUs/Go6CjDPXPiI3bvSOJrWaW', '23xxx@qq.com', '18911483365', NULL, 1, 1, 1, NULL, '2020-11-02 12:10:29', 0, NULL);
INSERT INTO `sys_user` VALUES (2, NULL, 'admin', '$2a$10$BqmyJhzbUTwAlW6JPQINZufIgEBVvUs/Go6CjDPXPiI3bvSOJrWaW', '22@qq.com', '189222222', NULL, 1, NULL, NULL, NULL, '2020-11-02 14:28:04', NULL, 2);
INSERT INTO `sys_user` VALUES (9, 3, 'zhangsan', '$2a$10$S2RG6iq4/LiwICRPpGqj1u4pVpAH19ePvmvCFzENlB7shi42HD1gy', 'wuyanshen2012@hotmail.com', '18888888888', NULL, 1, NULL, NULL, '2021-07-31 21:57:04', '2021-07-31 21:57:04', 0, 1);
INSERT INTO `sys_user` VALUES (10, 2, 'jl', '$2a$10$CoZfAEOqRICgZjvidZPtt.a.1LyS4f4FE9EN1n7FKyM6RKDxs7/WW', 'wuyanshen2012@hotmail.com', '18888888888', NULL, 1, NULL, NULL, '2021-07-31 21:58:22', '2021-07-31 21:58:22', 0, 1);

-- ----------------------------
-- Table structure for sys_user_role
-- ----------------------------
DROP TABLE IF EXISTS `sys_user_role`;
CREATE TABLE `sys_user_role`  (
  `id` int NOT NULL AUTO_INCREMENT COMMENT '主键id',
  `user_id` int NULL DEFAULT NULL COMMENT '用户id',
  `role_id` int NULL DEFAULT NULL COMMENT '角色id',
  `tenant_id` int NULL DEFAULT 1 COMMENT '租户id',
  PRIMARY KEY (`id`) USING BTREE
) ENGINE = InnoDB AUTO_INCREMENT = 41 CHARACTER SET = utf8 COLLATE = utf8_general_ci COMMENT = '用户和角色关联表' ROW_FORMAT = Dynamic;

-- ----------------------------
-- Records of sys_user_role
-- ----------------------------
INSERT INTO `sys_user_role` VALUES (17, 1, 1, 1);
INSERT INTO `sys_user_role` VALUES (37, 8, 10, 1);
INSERT INTO `sys_user_role` VALUES (38, 2, 1, 1);
INSERT INTO `sys_user_role` VALUES (39, 9, 2, 1);
INSERT INTO `sys_user_role` VALUES (40, 10, 2, 1);

SET FOREIGN_KEY_CHECKS = 1;
